Data;13585;13586;13604;13606;13607;13608;20140;20141;20142;20143;20144;21182;21943;25395;28043;28142;28143;28144;28145;28146
07/1989;27,80 ;27,96 ;-;-;-;-;-;-;-;-;;;;;;;;;;
08/1989;33,56 ;32,74 ;-;-;-;-;-;-;-;-;;;;;;;;;;
09/1989;37,62 ;36,49 ;-;-;-;-;-;-;-;-;;;;;;;;;;
10/1989;39,22 ;38,59 ;-;-;-;-;-;-;-;-;;;;;;;;;;
11/1989;48,39 ;49,63 ;-;-;-;-;-;-;-;-;;;;;;;;;;
12/1989;51,00 ;50,98 ;-;-;-;-;-;-;-;-;;;;;;;;;;
01/1990;66,90 ;67,20 ;-;-;-;-;-;-;-;-;;;;;;;;;;
02/1990;77,24 ;75,10 ;-;-;-;-;-;-;-;-;;;;;;;;;;
03/1990;80,14 ;80,35 ;-;-;-;-;-;-;-;-;;;;;;;;;;
04/1990;15,18 ;14,39 ;-;-;-;-;-;-;-;-;;;;;;;;;;
05/1990;7,31 ;6,91 ;-;-;-;-;-;-;-;-;;;;;;;;;;
06/1990;11,72 ;11,13 ;-;-;-;-;-;-;-;-;;;;;;;;;;
07/1990;13,67 ;13,51 ;-;-;-;-;-;-;-;-;;;;;;;;;;
08/1990;13,27 ;12,72 ;-;-;-;-;-;-;-;-;;;;;;;;;;
09/1990;14,03 ;13,94 ;-;-;-;-;-;-;-;-;;;;;;;;;;
10/1990;14,70 ;15,06 ;-;-;-;-;-;-;-;-;;;;;;;;;;
11/1990;16,83 ;17,38 ;-;-;-;-;-;-;-;-;;;;;;;;;;
12/1990;19,16 ;20,34 ;-;-;-;-;-;-;-;-;;;;;;;;;;
01/1991;21,09 ;21,23 ;-;-;-;-;-;-;-;-;;;;;;;;;;
02/1991;21,68 ;19,95 ;-;-;-;-;-;-;-;-;;;;;;;;;;
03/1991;13,10 ;13,18 ;-;-;-;-;-;-;-;-;;;;;;;;;;
04/1991;4,56 ;4,19 ;-;-;-;-;-;-;-;-;;;;;;;;;;
05/1991;7,14 ;6,59 ;-;-;-;-;-;-;-;-;;;;;;;;;;
06/1991;11,35 ;10,89 ;-;-;-;-;-;-;-;-;;;;;;;;;;
07/1991;12,14 ;11,86 ;-;-;-;-;-;-;-;-;;;;;;;;;;
08/1991;15,32 ;15,39 ;-;-;-;-;-;-;-;-;;;;;;;;;;
09/1991;15,32 ;15,39 ;-;-;-;-;-;-;-;-;;;;;;;;;;
10/1991;20,03 ;21,13 ;-;-;-;-;-;-;-;-;;;;;;;;;;
11/1991;25,26 ;26,51 ;-;-;-;-;-;-;-;-;;;;;;;;;;
12/1991;23,10 ;23,89 ;-;-;-;-;-;-;-;-;;;;;;;;;;
01/1992;26,46 ;26,53 ;-;-;-;-;-;-;-;-;;;;;;;;;;
02/1992;24,39 ;24,11 ;-;-;-;-;-;-;-;-;;;;;;;;;;
03/1992;21,34 ;21,66 ;-;-;-;-;-;-;-;-;;;;;;;;;;
04/1992;19,90 ;21,06 ;-;-;-;-;-;-;-;-;;;;;;;;;;
05/1992;25,06 ;25,09 ;-;-;-;-;-;-;-;-;;;;;;;;;;
06/1992;20,32 ;21,04 ;-;-;-;-;-;-;-;-;;;;;;;;;;
07/1992;22,07 ;22,49 ;-;-;-;-;-;-;-;-;;;;;;;;;;
08/1992;22,05 ;22,13 ;-;-;-;-;-;-;-;-;;;;;;;;;;
09/1992;24,59 ;23,91 ;-;-;-;-;-;-;-;-;;;;;;;;;;
10/1992;24,83 ;25,64 ;-;-;-;-;-;-;-;-;;;;;;;;;;
11/1992;22,44 ;22,96 ;-;-;-;-;-;-;-;-;;;;;;;;;;
12/1992;25,33 ;25,91 ;-;-;-;-;-;-;-;-;;;;;;;;;;
01/1993;30,53 ;28,21 ;-;-;-;-;-;-;-;-;;;;;;;;;;
02/1993;24,94 ;24,68 ;-;-;-;-;-;-;-;-;;;;;;;;;;
03/1993;27,04 ;27,55 ;-;-;-;-;-;-;-;-;;;;;;;;;;
04/1993;27,73 ;28,57 ;-;-;-;-;-;-;-;-;;;;;;;;;;
05/1993;27,41 ;26,45 ;-;-;-;-;-;-;-;-;;;;;;;;;;
06/1993;30,30 ;30,80 ;-;-;-;-;-;-;-;-;;;;;;;;;;
07/1993;31,19 ;31,38 ;-;-;-;-;-;-;-;-;;;;;;;;;;
08/1993;32,84 ;33,20 ;-;-;-;-;-;-;-;-;;;;;;;;;;
09/1993;35,35 ;35,25 ;-;-;-;-;-;-;-;-;;;;;;;;;;
10/1993;33,76 ;33,94 ;-;-;-;-;-;-;-;-;;;;;;;;;;
11/1993;35,35 ;35,65 ;-;-;-;-;-;-;-;-;;;;;;;;;;
12/1993;37,23 ;38,26 ;-;-;-;-;-;-;-;-;;;;;;;;;;
01/1994;41,14 ;40,74 ;-;-;-;-;-;-;-;-;;;;;;;;;;
02/1994;40,35 ;40,45 ;-;-;-;-;-;-;-;-;;;;;;;;;;
03/1994;42,80 ;43,01 ;-;-;-;-;-;-;-;-;;;;;;;;;;
04/1994;42,85 ;43,33 ;-;-;-;-;-;-;-;-;;;;;;;;;;
05/1994;44,04 ;42,87 ;-;-;-;-;-;-;-;-;;;;;;;;;;
06/1994;47,58 ;48,32 ;-;-;-;-;-;-;-;-;;;;;;;;;;
07/1994;6,99 ;7,82 ;-;-;-;-;-;-;-;-;;;;;;;;;;
08/1994;2,01 ;2,15 ;-;-;-;-;-;-;-;-;;;;;;;;;;
09/1994;1,56 ;1,57 ;-;-;-;-;-;-;-;-;;;;;;;;;;
10/1994;2,60 ;2,78 ;-;-;-;-;-;-;-;-;;;;;;;;;;
11/1994;3,03 ;3,21 ;-;-;-;-;-;-;-;-;;;;;;;;;;
12/1994;1,61 ;1,66 ;-;-;-;-;-;-;-;-;;;;;;;;;;
01/1995;1,66 ;1,42 ;-;-;-;-;-;-;-;-;;;;;;;;;;
02/1995;1,21 ;1,24 ;-;-;-;-;-;-;-;-;;;;;;;;;;
03/1995;1,46 ;1,53 ;-;-;-;-;-;-;-;-;;;;;;;;;;
04/1995;2,54 ;2,66 ;-;-;-;-;-;-;-;-;;;;;;;;;;
05/1995;2,58 ;2,01 ;-;-;-;-;-;-;-;-;;;;;;;;;;
06/1995;2,34 ;2,20 ;-;-;-;-;-;-;-;-;;;;;;;;;;
07/1995;2,56 ;2,67 ;-;-;-;-;-;-;-;-;;;;;;;;;;
08/1995;0,96 ;1,06 ;-;-;-;-;-;-;-;-;;;;;;;;;;
09/1995;1,04 ;1,31 ;-;-;-;-;-;-;-;-;;;;;;;;;;
10/1995;1,47 ;1,63 ;-;-;-;-;-;-;-;-;;;;;;;;;;
11/1995;1,62 ;1,82 ;-;-;-;-;-;-;-;-;;;;;;;;;;
12/1995;1,78 ;2,04 ;-;-;-;-;-;-;-;-;;;;;;;;;;
01/1996;1,52 ;1,80 ;-;-;-;-;-;-;-;-;;;;;;;;;;
02/1996;1,02 ;0,83 ;-;-;-;-;-;-;-;-;;;;;;;;;;
03/1996;0,41 ;0,43 ;-;-;-;-;-;-;-;-;;;;;;;;;;
04/1996;1,44 ;1,24 ;-;-;-;-;-;-;-;-;;;;;;;;;;
05/1996;1,24 ;1,28 ;-;-;-;-;-;-;-;-;;;;;;;;;;
06/1996;1,46 ;1,75 ;-;-;-;-;-;-;-;-;;;;;;;;;;
07/1996;1,27 ;1,44 ;-;-;-;-;-;-;-;-;;;;;;;;;;
08/1996;0,35 ;0,35 ;-;-;-;-;-;-;-;-;;;;;;;;;;
09/1996;0,19 ;0,09 ;-;-;-;-;-;-;-;-;;;;;;;;;;
10/1996;0,37 ;0,53 ;-;-;-;-;-;-;-;-;;;;;;;;;;
11/1996;0,37 ;0,44 ;-;-;-;-;-;-;-;-;;;;;;;;;;
12/1996;0,55 ;0,45 ;-;-;-;-;-;-;-;-;;;;;;;;;;
01/1997;1,45 ;1,13 ;-;-;-;-;-;-;-;-;;;;;;;;;;
02/1997;0,62 ;0,77 ;-;-;-;-;-;-;-;-;;;;;;;;;;
03/1997;0,58 ;0,83 ;-;-;-;-;-;-;-;-;;;;;;;;;;
04/1997;0,87 ;0,71 ;-;-;-;-;-;-;-;-;;;;;;;;;;
05/1997;0,43 ;0,12 ;-;-;-;-;-;-;-;-;;;;;;;;;;
06/1997;0,77 ;0,75 ;-;-;-;-;-;-;-;-;;;;;;;;;;
07/1997;0,22 ;0,22 ;-;-;-;-;-;-;-;-;;;;;;;;;;
08/1997;-0,07 ;-0,13 ;-;-;-;-;-;-;-;-;;;;;;;;;;
09/1997;0,09 ;0,11 ;-;-;-;-;-;-;-;-;;;;;;;;;;
10/1997;0,28 ;0,39 ;-;-;-;-;-;-;-;-;;;;;;;;;;
11/1997;0,16 ;0,15 ;-;-;-;-;-;-;-;-;;;;;;;;;;
12/1997;0,33 ;0,47 ;-;-;-;-;-;-;-;-;;;;;;;;;;
01/1998;0,82 ;0,94 ;-;-;-;-;-;-;-;-;;;;;;;;;;
02/1998;0,52 ;0,61 ;-;-;-;-;-;-;-;-;;;;;;;;;;
03/1998;0,26 ;0,40 ;-;-;-;-;-;-;-;-;;;;;;;;;;
04/1998;0,21 ;0,39 ;-;-;-;-;-;-;-;-;;;;;;;;;;
05/1998;0,37 ;0,46 ;-;-;-;-;-;-;-;-;;;;;;;;;;
06/1998;-0,06 ;0,03 ;-;-;-;-;-;-;-;-;;;;;;;;;;
07/1998;-0,12 ;-0,32 ;-;-;-;-;-;-;-;-;;;;;;;;;;
08/1998;-0,53 ;-0,46 ;-;-;-;-;-;-;-;-;;;;;;;;;;
09/1998;-0,17 ;-0,23 ;-;-;-;-;-;-;-;-;;;;;;;;;;
10/1998;-0,03 ;0,03 ;-;-;-;-;-;-;-;-;;;;;;;;;;
11/1998;-0,11 ;-0,16 ;-;-;-;-;-;-;-;-;;;;;;;;;;
12/1998;0,33 ;0,48 ;-;-;-;-;-;-;-;-;;;;;;;;;;
01/1999;0,66 ;0,58 ;-;-;-;-;-;-;-;-;;;;;;;;;;
02/1999;0,96 ;1,27 ;-;-;-;-;-;-;-;-;;;;;;;;;;
03/1999;1,03 ;1,20 ;-;-;-;-;-;-;-;-;;;;;;;;;;
04/1999;0,44 ;0,40 ;-;-;-;-;-;-;-;-;;;;;;;;;;
05/1999;0,26 ;0,02 ;-;-;-;-;-;-;-;-;;;;;;;;;;
06/1999;0,17 ;0,07 ;-;-;-;-;-;-;-;-;;;;;;;;;;
07/1999;1,06 ;0,84 ;-;-;-;-;-;-;-;-;;;;;;;;;;
08/1999;0,69 ;0,73 ;-;-;-;-;-;-;-;-;;;;;;;;;;
09/1999;0,29 ;0,39 ;-;-;-;-;-;-;-;-;;;;;;;;;;
10/1999;1,21 ;0,81 ;-;-;-;-;-;-;-;-;;;;;;;;;;
11/1999;0,93 ;0,89 ;-;-;-;-;-;-;-;-;;;;;;;;;;
12/1999;0,53 ;0,66 ;-;-;-;-;-;-;-;-;;;;;;;;;;
01/2000;0,69 ;0,64 ;52,80 ;27,41 ;69,72 ;52,40 ;-;-;-;-;-;49,68 ;-;-;-;-;-;-;-;-
02/2000;-0,07 ;-0,12 ;53,07 ;26,63 ;82,63 ;52,55 ;-;-;-;-;-;50,63 ;-;-;-;-;-;-;-;-
03/2000;0,27 ;0,23 ;56,01 ;28,36 ;78,05 ;55,96 ;-;-;-;-;-;51,18 ;-;-;-;-;-;-;-;-
04/2000;0,45 ;0,12 ;57,95 ;27,51 ;73,74 ;57,95 ;-;-;-;-;-;51,36 ;-;-;-;-;-;-;-;-
05/2000;-0,07 ;-0,12 ;55,79 ;32,72 ;82,43 ;55,74 ;-;-;-;-;-;51,81 ;-;-;-;-;-;-;-;-
06/2000;0,17 ;0,34 ;55,68 ;28,04 ;74,65 ;55,68 ;-;-;-;-;-;51,31 ;-;-;-;-;-;-;-;-
07/2000;1,63 ;1,49 ;58,16 ;31,14 ;82,42 ;58,51 ;-;-;-;-;-;51,60 ;-;-;-;-;-;-;-;-
08/2000;1,30 ;1,18 ;57,49 ;32,56 ;90,16 ;57,64 ;-;-;-;-;-;51,19 ;-;-;-;-;-;-;-;-
09/2000;0,15 ;0,26 ;57,73 ;30,65 ;78,07 ;58,04 ;-;-;-;-;-;51,18 ;-;-;-;-;-;-;-;-
10/2000;0,17 ;0,13 ;57,07 ;32,22 ;84,51 ;57,04 ;-;-;-;-;-;50,26 ;-;-;-;-;-;-;-;-
11/2000;0,37 ;0,44 ;57,33 ;34,14 ;84,75 ;57,14 ;-;-;-;-;-;51,11 ;-;-;-;-;-;-;-;-
12/2000;0,58 ;0,59 ;76,11 ;50,82 ;80,42 ;76,45 ;-;-;-;-;-;51,29 ;-;-;-;-;-;-;-;-
01/2001;0,38 ;0,49 ;56,24 ;30,94 ;84,25 ;55,98 ;-;-;-;-;-;51,26 ;-;-;-;-;-;-;-;-
02/2001;0,33 ;0,25 ;55,08 ;26,91 ;72,35 ;55,19 ;-;-;-;-;-;51,38 ;-;-;-;-;-;-;-;-
03/2001;0,39 ;0,51 ;59,80 ;31,39 ;91,10 ;60,03 ;-;-;-;-;-;50,93 ;-;-;-;-;-;-;-;-
04/2001;0,50 ;0,73 ;58,92 ;27,96 ;79,63 ;58,83 ;-;-;-;-;-;50,64 ;-;-;-;-;-;-;-;-
05/2001;0,32 ;0,47 ;56,45 ;32,19 ;79,75 ;56,70 ;-;-;-;-;-;50,17 ;-;-;-;-;-;-;-;-
06/2001;0,68 ;1,04 ;56,00 ;27,58 ;72,65 ;56,36 ;-;-;-;-;-;50,15 ;-;-;-;-;-;-;-;-
07/2001;1,44 ;1,19 ;56,75 ;29,58 ;79,12 ;57,05 ;-;-;-;-;-;49,99 ;-;-;-;-;-;-;-;-
08/2001;0,68 ;0,74 ;57,36 ;30,02 ;74,54 ;57,63 ;-;-;-;-;-;49,97 ;-;-;-;-;-;-;-;-
09/2001;0,14 ;0,18 ;57,66 ;29,09 ;62,99 ;57,99 ;-;-;-;-;-;50,28 ;-;-;-;-;-;-;-;-
10/2001;0,71 ;0,91 ;58,19 ;32,05 ;73,51 ;58,30 ;-;-;-;-;-;50,63 ;-;-;-;-;-;-;-;-
11/2001;0,74 ;1,72 ;56,97 ;32,17 ;68,01 ;57,18 ;-;-;-;-;-;49,98 ;-;-;-;-;-;-;-;-
12/2001;0,64 ;0,71 ;74,56 ;49,29 ;62,82 ;75,41 ;-;-;-;-;-;50,63 ;-;-;-;-;-;-;-;-
01/2002;0,55 ;1,12 ;55,86 ;31,51 ;67,02 ;56,27 ;-;-;-;-;-;50,58 ;76,8 ;-;-;-;-;-;-;-
02/2002;0,29 ;0,10 ;53,12 ;26,87 ;56,23 ;53,34 ;-;-;-;-;-;50,38 ;78,8 ;-;-;-;-;-;-;-
03/2002;0,41 ;0,38 ;62,18 ;30,33 ;65,38 ;62,55 ;-;-;-;-;-;50,89 ;78,7 ;-;-;-;-;-;-;-
04/2002;0,79 ;0,65 ;55,33 ;30,28 ;70,09 ;55,48 ;-;-;-;-;-;50,83 ;78,5 ;-;-;-;-;-;-;-
05/2002;0,26 ;0,13 ;58,75 ;32,52 ;61,28 ;59,04 ;-;-;-;-;-;50,92 ;78,5 ;-;-;-;-;-;-;-
06/2002;0,37 ;0,59 ;55,28 ;27,71 ;54,63 ;55,73 ;-;-;-;-;-;49,80 ;77,6 ;-;-;-;-;-;-;-
07/2002;1,17 ;1,18 ;56,54 ;28,69 ;61,97 ;57,16 ;-;-;-;-;-;50,35 ;78,5 ;-;-;-;-;-;-;-
08/2002;0,64 ;0,80 ;58,30 ;29,77 ;63,80 ;59,00 ;-;-;-;-;-;50,55 ;75,7 ;-;-;-;-;-;-;-
09/2002;0,63 ;0,65 ;54,07 ;27,91 ;64,06 ;54,64 ;-;-;-;-;-;49,90 ;77,2 ;-;-;-;-;-;-;-
10/2002;1,17 ;1,52 ;57,67 ;31,42 ;65,76 ;58,17 ;-;-;-;-;-;50,62 ;80,2 ;-;-;-;-;-;-;-
11/2002;2,92 ;3,22 ;56,83 ;30,59 ;58,67 ;57,40 ;-;-;-;-;-;49,49 ;78,2 ;-;-;-;-;-;-;-
12/2002;2,00 ;2,45 ;67,84 ;43,34 ;55,67 ;69,12 ;-;-;-;-;-;48,63 ;77,4 ;-;-;-;-;-;-;-
01/2003;2,38 ;2,76 ;52,53 ;26,89 ;56,27 ;53,33 ;-;-;-;-;-;47,77 ;77,8 ;100,26 ;-;-;-;-;-;-
02/2003;1,56 ;1,56 ;50,79 ;25,21 ;58,36 ;51,61 ;-;-;-;-;-;48,94 ;78,4 ;101,11 ;-;-;-;-;-;-
03/2003;1,13 ;1,26 ;53,72 ;24,40 ;50,88 ;54,54 ;-;-;-;-;-;47,32 ;77,8 ;100,29 ;-;-;-;-;-;-
04/2003;0,89 ;1,12 ;54,50 ;23,76 ;52,88 ;55,18 ;-;-;-;-;-;47,18 ;77,8 ;99,08 ;-;-;-;-;-;-
05/2003;0,65 ;0,99 ;54,39 ;27,82 ;51,31 ;54,99 ;-;-;-;-;-;46,86 ;75,6 ;98,15 ;-;-;-;-;-;-
06/2003;-0,11 ;-0,02 ;50,78 ;25,56 ;49,38 ;51,43 ;-;-;-;-;-;47,14 ;76,6 ;98,73 ;-;-;-;-;-;-
07/2003;0,24 ;0,10 ;53,48 ;27,68 ;51,93 ;54,21 ;-;-;-;-;-;47,69 ;75,0 ;98,96 ;-;-;-;-;-;-
08/2003;0,33 ;0,28 ;55,06 ;28,84 ;49,64 ;55,79 ;-;-;-;-;-;47,94 ;76,2 ;99,43 ;-;-;-;-;-;-
09/2003;0,73 ;0,76 ;51,73 ;29,16 ;57,39 ;52,31 ;-;-;-;-;-;48,29 ;78,9 ;99,55 ;-;-;-;-;-;-
10/2003;0,23 ;0,29 ;55,08 ;32,47 ;60,28 ;55,75 ;-;-;-;-;-;48,64 ;80,3 ;99,87 ;-;-;-;-;-;-
11/2003;0,36 ;0,41 ;55,02 ;32,89 ;59,44 ;55,47 ;-;-;-;-;-;49,43 ;81,4 ;100,73 ;-;-;-;-;-;-
12/2003;0,49 ;0,47 ;68,77 ;51,27 ;61,62 ;70,11 ;-;-;-;-;-;49,39 ;80,6 ;101,15 ;-;-;-;-;-;-
01/2004;0,61 ;0,53 ;54,19 ;30,93 ;58,41 ;54,93 ;43,13 ;85,45 ;19,89 ;26,50;66,29 ;50,19 ;81,8 ;101,74 ;-;-;-;-;-;-
02/2004;0,53 ;0,21 ;53,28 ;28,97 ;53,97 ;54,05 ;41,69 ;76,35 ;15,71 ;27,61;60,03 ;51,06 ;82,5 ;102,80 ;-;-;-;-;-;-
03/2004;0,44 ;0,47 ;55,45 ;33,20 ;64,72 ;56,15 ;48,07 ;71,91 ;18,64 ;28,14;73,53 ;51,24 ;83,4 ;103,25 ;-;-;-;-;-;-
04/2004;0,31 ;0,30 ;58,01 ;32,77 ;57,03 ;58,85 ;44,53 ;56,97 ;12,90 ;28,87;65,82 ;51,72 ;83,9 ;103,72 ;-;-;-;-;-;-
05/2004;0,54 ;0,53 ;56,63 ;38,40 ;60,13 ;57,37 ;46,79 ;59,50 ;16,25 ;31,63;68,49 ;52,33 ;84,0 ;103,64 ;-;-;-;-;-;-
06/2004;0,78 ;0,64 ;54,79 ;34,86 ;62,77 ;55,58 ;46,20 ;60,49 ;18,13 ;29,87;68,40 ;52,46 ;85,3 ;104,33 ;-;-;-;-;-;-
07/2004;1,04 ;1,04 ;58,16 ;36,35 ;62,09 ;59,03 ;46,81 ;57,89 ;16,64 ;30,47;73,19 ;52,38 ;85,3 ;105,04 ;-;-;-;-;-;-
08/2004;0,69 ;0,58 ;56,72 ;36,72 ;65,26 ;57,62 ;45,47 ;59,82 ;15,33 ;31,04;72,43 ;52,06 ;86,4 ;105,84 ;-;-;-;-;-;-
09/2004;0,37 ;0,28 ;56,10 ;34,93 ;65,10 ;56,95 ;44,26 ;55,17 ;16,89 ;29,50;70,52 ;52,27 ;88,4 ;107,03 ;-;-;-;-;-;-
10/2004;0,46 ;0,19 ;60,32 ;37,84 ;63,46 ;61,30 ;44,73 ;55,63 ;14,28 ;33,92;69,71 ;52,55 ;86,8 ;106,87 ;-;-;-;-;-;-
11/2004;0,72 ;0,48 ;58,25 ;38,77 ;67,14 ;59,13 ;43,44 ;53,31 ;16,12 ;34,31;72,24 ;52,54 ;86,9 ;106,96 ;-;-;-;-;-;-
12/2004;0,87 ;0,87 ;76,39 ;62,88 ;71,03 ;77,71 ;51,24 ;89,00 ;20,13 ;60,21;70,86 ;54,10 ;87,8 ;107,65 ;-;-;-;-;-;-
01/2005;0,58 ;0,50 ;56,69 ;36,46 ;63,76 ;57,41 ;43,20 ;75,42 ;11,76 ;30,74;65,66 ;53,00 ;88,6 ;107,89 ;-;-;-;-;-;-
02/2005;0,60 ;0,42 ;51,83 ;32,45 ;51,01 ;51,37 ;40,64 ;79,03 ;18,72 ;27,55;53,82 ;51,88 ;86,6 ;107,55 ;-;-;-;-;-;-
03/2005;0,73 ;0,99 ;59,64 ;38,39 ;64,04 ;60,15 ;47,87 ;69,48 ;27,74 ;35,93;62,15 ;53,03 ;87,5 ;108,25 ;-;-;-;-;-;-
04/2005;0,91 ;1,09 ;56,18 ;39,75 ;58,71 ;56,61 ;45,93 ;58,09 ;24,85 ;32,00;61,19 ;53,12 ;87,2 ;108,36 ;-;-;-;-;-;-
05/2005;0,52 ;0,76 ;56,26 ;44,99 ;60,04 ;56,59 ;48,05 ;59,26 ;26,48 ;34,83;61,31 ;53,23 ;89,3 ;108,76 ;-;-;-;-;-;-
06/2005;-0,05 ;-0,13 ;55,16 ;42,66 ;61,97 ;55,40 ;48,18 ;55,20 ;29,48 ;33,97;62,73 ;54,08 ;88,6 ;109,10 ;-;-;-;-;-;-
07/2005;0,12 ;-0,15 ;58,85 ;43,28 ;57,98 ;59,21 ;47,39 ;55,21 ;27,53 ;34,84;61,56 ;54,57 ;87,8 ;108,92 ;-;-;-;-;-;-
08/2005;0,08 ;-0,16 ;59,09 ;41,56 ;67,61 ;59,33 ;49,32 ;62,23 ;27,69 ;36,20;65,97 ;54,36 ;88,6 ;109,46 ;-;-;-;-;-;-
09/2005;0,39 ;0,21 ;57,90 ;36,42 ;62,63 ;58,18 ;46,34 ;57,18 ;28,00 ;34,01;61,53 ;53,81 ;88,0 ;109,67 ;-;-;-;-;-;-
10/2005;0,71 ;0,38 ;60,72 ;41,52 ;62,48 ;60,96 ;47,50 ;53,85 ;26,90 ;39,15;62,36 ;54,31 ;87,7 ;110,24 ;-;-;-;-;-;-
11/2005;0,50 ;0,38 ;59,07 ;44,18 ;68,57 ;59,30 ;47,15 ;53,77 ;26,97 ;39,82;66,67 ;54,56 ;89,0 ;110,93 ;-;-;-;-;-;-
12/2005;0,31 ;0,33 ;76,89 ;67,74 ;68,83 ;77,44 ;53,27 ;83,76 ;47,04 ;69,99;63,44 ;55,83 ;90,4 ;111,25 ;-;-;-;-;-;-
01/2006;0,64 ;0,48 ;59,73 ;39,66 ;62,56 ;59,94 ;45,00 ;78,08 ;29,30 ;38,52;61,72 ;56,77 ;90,8 ;112,22 ;-;-;-;-;-;-
02/2006;0,47 ;0,28 ;56,07 ;35,22 ;49,04 ;55,54 ;42,00 ;73,92 ;25,70 ;31,60;53,21 ;55,67 ;91,1 ;112,56 ;-;-;-;-;-;-
03/2006;0,38 ;0,12 ;62,56 ;40,68 ;63,41 ;61,90 ;48,43 ;69,45 ;32,07 ;37,35;64,33 ;55,72 ;90,5 ;112,91 ;-;-;-;-;-;-
04/2006;0,23 ;0,14 ;64,58 ;40,31 ;53,53 ;64,97 ;45,74 ;62,82 ;27,24 ;39,63;56,00 ;56,60 ;91,5 ;113,67 ;-;-;-;-;-;-
05/2006;0,06 ;0,10 ;60,79 ;50,63 ;64,78 ;61,16 ;48,53 ;65,51 ;35,95 ;42,22;63,49 ;56,78 ;92,2 ;114,08 ;-;-;-;-;-;-
06/2006;-0,22 ;-0,09 ;60,70 ;42,68 ;55,48 ;61,11 ;47,26 ;59,33 ;35,06 ;38,99;67,11 ;56,77 ;90,5 ;113,50 ;-;-;-;-;-;-
07/2006;0,22 ;0,23 ;62,51 ;42,53 ;63,60 ;62,93 ;47,17 ;59,06 ;34,11 ;40,15;71,78 ;56,87 ;91,7 ;115,13 ;-;-;-;-;-;-
08/2006;0,12 ;0,10 ;63,33 ;46,13 ;69,13 ;63,64 ;48,19 ;64,58 ;34,29 ;44,49;75,81 ;58,01 ;91,4 ;114,77 ;-;-;-;-;-;-
09/2006;0,24 ;0,23 ;64,12 ;45,02 ;63,92 ;64,48 ;46,91 ;60,45 ;35,48 ;45,17;71,30 ;58,86 ;90,0 ;114,85 ;-;-;-;-;-;-
10/2006;0,29 ;0,35 ;64,75 ;50,51 ;69,65 ;65,15 ;48,22 ;58,28 ;32,07 ;49,74;72,90 ;59,33 ;90,9 ;115,95 ;-;-;-;-;-;-
11/2006;0,26 ;0,36 ;64,67 ;50,78 ;70,95 ;65,06 ;47,60 ;55,39 ;33,40 ;49,49;73,60 ;59,50 ;91,1 ;116,49 ;-;-;-;-;-;-
12/2006;0,66 ;1,01 ;82,26 ;72,38 ;70,36 ;83,09 ;53,55 ;84,48 ;52,01 ;82,70;60,30 ;59,82 ;92,8 ;117,42 ;-;-;-;-;-;-
01/2007;0,56 ;0,62 ;61,30 ;51,52 ;66,81 ;61,67 ;46,85 ;83,06 ;34,23 ;45,75;65,57 ;59,98 ;92,0 ;117,67 ;-;-;-;-;-;-
02/2007;0,47 ;0,27 ;58,93 ;43,30 ;57,90 ;59,20 ;43,60 ;76,86 ;31,69 ;40,27;54,81 ;60,74 ;93,6 ;118,41 ;-;-;-;-;-;-
03/2007;0,30 ;0,30 ;67,76 ;50,67 ;73,91 ;68,11 ;50,76 ;75,47 ;40,73 ;49,24;64,29 ;61,60 ;94,0 ;118,85 ;-;-;-;-;-;-
04/2007;0,18 ;0,15 ;67,03 ;46,71 ;69,82 ;67,48 ;48,61 ;69,34 ;36,24 ;51,96;60,14 ;61,99 ;95,0 ;119,96 ;-;-;-;-;-;-
05/2007;0,28 ;0,30 ;65,30 ;56,33 ;75,67 ;65,71 ;51,78 ;66,21 ;40,82 ;56,79;74,97 ;62,62 ;95,0 ;120,67 ;-;-;-;-;-;-
06/2007;0,35 ;0,45 ;65,05 ;50,58 ;71,79 ;65,39 ;52,14 ;63,99 ;42,52 ;50,76;74,18 ;62,51 ;97,2 ;121,31 ;-;-;-;-;-;-
07/2007;0,09 ;0,13 ;65,14 ;51,50 ;77,56 ;65,53 ;52,31 ;64,34 ;44,92 ;51,93;77,25 ;63,18 ;96,8 ;122,31 ;-;-;-;-;-;-
08/2007;0,49 ;0,58 ;66,76 ;54,82 ;86,42 ;67,17 ;54,65 ;73,60 ;43,81 ;57,53;82,30 ;63,77 ;97,5 ;123,16 ;-;-;-;-;-;-
09/2007;0,18 ;0,21 ;68,01 ;51,51 ;74,83 ;68,41 ;52,28 ;64,61 ;42,48 ;53,14;76,95 ;64,47 ;98,0 ;123,94 ;-;-;-;-;-;-
10/2007;0,23 ;0,23 ;67,88 ;56,52 ;89,08 ;68,13 ;54,41 ;60,19 ;39,45 ;62,67;83,81 ;64,63 ;100,7 ;124,84 ;-;-;-;-;-;-
11/2007;0,38 ;0,44 ;68,54 ;60,08 ;84,56 ;68,79 ;51,57 ;58,35 ;43,00 ;64,84;84,46 ;66,07 ;98,8 ;125,76 ;-;-;-;-;-;-
12/2007;0,66 ;0,88 ;87,42 ;80,33 ;79,11 ;88,00 ;60,32 ;88,03 ;72,68 ;103,49;66,93 ;66,75 ;98,8 ;126,09 ;-;-;-;-;-;-
01/2008;0,62 ;0,80 ;67,00 ;59,85 ;78,25 ;67,31 ;54,98 ;89,09 ;41,13 ;61,70;70,97 ;67,40 ;101,9 ;126,62 ;-;-;-;-;-;-
02/2008;0,44 ;0,30 ;65,54 ;53,82 ;73,41 ;65,78 ;50,44 ;91,49 ;43,08 ;52,99;64,49 ;67,40 ;99,9 ;126,05 ;-;-;-;-;-;-
03/2008;0,43 ;0,45 ;73,91 ;58,86 ;84,42 ;74,21 ;56,55 ;83,87 ;52,44 ;64,58;67,65 ;68,41 ;101,4 ;127,80 ;-;-;-;-;-;-
04/2008;0,40 ;0,43 ;67,64 ;60,97 ;89,52 ;67,79 ;57,16 ;76,99 ;44,93 ;57,17;70,43 ;68,83 ;101,3 ;128,65 ;-;-;-;-;-;-
05/2008;0,80 ;0,98 ;71,62 ;67,22 ;85,11 ;71,80 ;59,70 ;74,60 ;52,37 ;67,87;78,99 ;69,89 ;101,9 ;129,61 ;-;-;-;-;-;-
06/2008;0,74 ;0,96 ;67,07 ;59,80 ;91,83 ;67,19 ;57,50 ;72,59 ;60,25 ;60,96;79,75 ;70,21 ;105,4 ;130,76 ;-;-;-;-;-;-
07/2008;0,49 ;0,58 ;69,52 ;61,57 ;95,39 ;69,68 ;60,76 ;70,44 ;54,26 ;63,13;90,27 ;70,31 ;104,9 ;131,46 ;-;-;-;-;-;-
08/2008;0,37 ;0,37 ;72,75 ;62,79 ;86,17 ;72,93 ;59,95 ;75,77 ;54,89 ;65,91;83,68 ;70,84 ;102,1 ;131,10 ;-;-;-;-;-;-
09/2008;0,27 ;0,19 ;69,32 ;64,39 ;97,52 ;69,40 ;61,20 ;71,31 ;62,48 ;62,16;87,05 ;71,47 ;103,6 ;132,09 ;-;-;-;-;-;-
10/2008;0,48 ;0,50 ;73,43 ;67,86 ;79,13 ;73,56 ;63,04 ;65,74 ;57,29 ;71,33;88,46 ;71,43 ;102,0 ;130,64 ;-;-;-;-;-;-
11/2008;0,28 ;0,23 ;72,98 ;63,02 ;65,82 ;73,10 ;59,86 ;65,11 ;53,49 ;68,13;79,64 ;69,93 ;96,4 ;129,11 ;-;-;-;-;-;-
12/2008;0,26 ;0,28 ;91,12 ;86,89 ;73,36 ;91,54 ;69,06 ;101,43 ;100,57 ;106,33;64,59 ;70,74 ;83,7 ;125,73 ;-;-;-;-;-;-
01/2009;0,53 ;0,72 ;72,44 ;66,43 ;77,09 ;72,58 ;60,35 ;114,72 ;46,19 ;63,88;61,63 ;71,16 ;86,0 ;126,46 ;-;-;-;-;-;-
02/2009;0,66 ;0,29 ;70,09 ;53,42 ;73,04 ;70,14 ;56,60 ;93,99 ;44,20 ;57,74;57,48 ;73,06 ;86,6 ;127,18 ;-;-;-;-;-;-
03/2009;0,20 ;0,22 ;74,60 ;57,07 ;99,34 ;74,47 ;64,98 ;90,80 ;60,57 ;66,64;65,90 ;71,49 ;88,0 ;128,20 ;-;-;-;-;-;-
04/2009;0,44 ;0,54 ;77,34 ;53,51 ;79,28 ;77,46 ;63,29 ;73,46 ;57,97 ;65,36;60,93 ;72,42 ;89,3 ;128,57 ;-;-;-;-;-;-
05/2009;0,41 ;0,46 ;76,43 ;61,30 ;88,88 ;76,46 ;65,16 ;76,62 ;52,34 ;75,18;74,64 ;72,57 ;91,0 ;129,20 ;-;-;-;-;-;-
06/2009;0,31 ;0,39 ;72,50 ;57,80 ;112,30 ;72,37 ;63,90 ;73,17 ;71,15 ;68,61;78,27 ;73,59 ;91,9 ;129,88 ;-;-;-;-;-;-
07/2009;0,32 ;0,45 ;76,34 ;62,69 ;90,07 ;76,27 ;67,87 ;77,58 ;65,07 ;67,23;81,50 ;74,45 ;92,9 ;129,13 ;-;-;-;-;-;-
08/2009;0,14 ;0,09 ;78,65 ;63,95 ;95,77 ;78,64 ;67,96 ;83,71 ;56,18 ;71,10;80,96 ;74,79 ;93,4 ;130,24 ;-;-;-;-;-;-
09/2009;0,22 ;0,15 ;76,31 ;65,73 ;116,00 ;76,16 ;66,18 ;78,27 ;62,04 ;66,62;81,30 ;75,22 ;95,8 ;132,05 ;-;-;-;-;-;-
10/2009;0,32 ;0,25 ;82,87 ;70,12 ;97,03 ;82,81 ;68,49 ;74,94 ;58,14 ;76,99;84,48 ;76,84 ;97,6 ;132,95 ;-;-;-;-;-;-
11/2009;0,37 ;0,32 ;79,46 ;73,70 ;91,47 ;79,36 ;66,19 ;70,45 ;63,52 ;72,83;83,53 ;77,43 ;99,0 ;133,31 ;-;-;-;-;-;-
12/2009;0,40 ;0,23 ;99,44 ;99,76 ;94,94 ;99,45 ;75,37 ;110,21 ;97,94 ;111,71;69,59 ;76,74 ;100,4 ;134,86 ;-;-;-;-;-;-
01/2010;0,91 ;1,27 ;79,89 ;79,09 ;85,13 ;79,73 ;66,34 ;121,49 ;62,90 ;67,36;67,67 ;78,75 ;100,6 ;135,64 ;-;-;-;-;-;-
02/2010;0,78 ;0,64 ;78,01 ;64,10 ;87,93 ;77,83 ;64,63 ;101,02 ;56,59 ;59,98;64,32 ;81,21 ;101,1 ;136,51 ;-;-;-;-;-;-
03/2010;0,51 ;0,65 ;85,63 ;72,71 ;132,38 ;85,28 ;73,62 ;98,89 ;78,03 ;70,69;78,73 ;81,31 ;101,3 ;137,30 ;-;-;-;-;-;-
04/2010;0,53 ;0,69 ;82,11 ;65,53 ;91,87 ;81,81 ;69,21 ;81,07 ;71,64 ;68,40;72,83 ;79,01 ;102,5 ;137,71 ;-;-;-;-;-;-
05/2010;0,43 ;0,40 ;83,04 ;73,38 ;94,22 ;82,71 ;71,28 ;85,18 ;67,67 ;76,65;87,44 ;80,77 ;102,2 ;137,75 ;-;-;-;-;-;-
06/2010;0,02 ;-0,12 ;81,18 ;68,75 ;97,35 ;80,89 ;68,90 ;76,50 ;86,21 ;75,70;84,15 ;81,88 ;103,0 ;138,09 ;-;-;-;-;-;-
07/2010;-0,06 ;-0,12 ;85,05 ;69,87 ;101,82 ;84,64 ;72,53 ;82,72 ;71,47 ;75,39;92,46 ;81,71 ;101,7 ;138,67 ;-;-;-;-;-;-
08/2010;0,01 ;0,05 ;84,38 ;74,09 ;113,56 ;83,96 ;74,99 ;94,91 ;73,58 ;78,90;97,22 ;83,17 ;102,4 ;139,81 ;-;-;-;-;-;-
09/2010;0,54 ;0,64 ;83,62 ;74,55 ;109,23 ;83,06 ;72,02 ;86,19 ;85,75 ;76,63;94,92 ;83,78 ;103,5 ;139,92 ;-;-;-;-;-;-
10/2010;0,75 ;0,93 ;88,17 ;79,90 ;111,50 ;87,77 ;73,85 ;86,52 ;64,88 ;84,33;91,27 ;83,87 ;102,9 ;140,17 ;-;-;-;-;-;-
11/2010;0,73 ;0,88 ;83,40 ;87,81 ;118,28 ;83,07 ;72,80 ;90,21 ;77,34 ;81,03;96,81 ;84,18 ;103,5 ;141,30 ;-;-;-;-;-;-
12/2010;0,63 ;0,58 ;106,26 ;116,68 ;118,12 ;106,28 ;84,29 ;145,25 ;126,90 ;123,94;81,50 ;84,97 ;103,6 ;141,19 ;-;-;-;-;-;-
01/2011;0,95 ;1,15 ;83,53 ;94,28 ;101,08 ;83,34 ;72,91 ;138,23 ;69,12 ;70,47;78,51 ;85,48 ;103,8 ;142,27 ;88,57 ;95,46 ;82,06 ;90,95 ;87,03 ;109,07
02/2011;0,87 ;0,56 ;80,43 ;75,79 ;108,86 ;80,08 ;69,25 ;118,00 ;66,47 ;67,31;78,39 ;85,71 ;105,9 ;142,93 ;89,25 ;99,13 ;82,00 ;94,86 ;87,89 ;110,44
03/2011;0,77 ;0,58 ;87,83 ;79,94 ;113,80 ;87,38 ;76,32 ;100,19 ;85,97 ;75,38;83,37 ;86,87 ;106,5 ;143,10 ;89,07 ;101,65 ;83,51 ;94,45 ;86,65 ;111,00
04/2011;0,74 ;0,75 ;90,61 ;78,95 ;107,66 ;90,43 ;75,58 ;86,75 ;69,85 ;75,53;79,52 ;86,92 ;102,0 ;142,05 ;90,34 ;102,84 ;84,45 ;95,01 ;86,89 ;108,95
05/2011;0,46 ;0,53 ;84,83 ;90,46 ;122,30 ;84,40 ;78,99 ;93,33 ;85,42 ;79,40;97,78 ;87,76 ;105,5 ;142,82 ;90,29 ;102,29 ;83,69 ;96,27 ;88,60 ;110,85
06/2011;0,19 ;0,20 ;83,13 ;80,19 ;111,73 ;82,73 ;76,70 ;84,37 ;116,35 ;76,70;95,48 ;87,56 ;103,1 ;142,77 ;90,97 ;104,74 ;85,14 ;95,33 ;89,60 ;110,42
07/2011;0,12 ;-0,02 ;88,68 ;84,63 ;110,76 ;88,37 ;79,26 ;89,52 ;82,67 ;78,01;98,17 ;87,86 ;103,3 ;143,36 ;91,67 ;104,88 ;85,69 ;95,98 ;89,28 ;110,72
08/2011;0,42 ;0,54 ;87,80 ;86,58 ;116,06 ;87,40 ;80,63 ;100,83 ;89,14 ;80,38;102,57 ;87,56 ;103,4 ;143,12 ;91,78 ;102,14 ;87,27 ;97,88 ;87,82 ;111,48
09/2011;0,51 ;0,46 ;86,44 ;87,71 ;112,72 ;86,11 ;80,18 ;89,41 ;87,92 ;77,55;99,99 ;88,40 ;100,4 ;143,30 ;90,82 ;101,20 ;87,92 ;96,41 ;85,92 ;106,81
10/2011;0,42 ;0,36 ;90,60 ;93,02 ;106,78 ;90,44 ;79,48 ;92,25 ;83,42 ;84,37;96,97 ;88,49 ;99,2 ;143,10 ;89,87 ;102,15 ;86,24 ;94,06 ;86,15 ;106,61
11/2011;0,47 ;0,49 ;88,51 ;100,14 ;116,06 ;88,28 ;79,04 ;96,10 ;91,00 ;82,16;102,16 ;89,41 ;100,9 ;144,32 ;91,58 ;106,00 ;87,33 ;99,08 ;86,99 ;106,60
12/2011;0,47 ;0,48 ;110,80 ;134,56 ;117,96 ;110,90 ;88,44 ;138,98 ;165,82 ;127,28;83,47 ;89,92 ;102,5 ;143,60 ;91,83 ;100,19 ;86,31 ;97,61 ;88,99 ;106,94
01/2012;0,69 ;0,72 ;89,20 ;104,70 ;107,96 ;89,48 ;77,18 ;158,89 ;89,72 ;81,14;92,35 ;91,71 ;96,3 ;141,76 ;92,13 ;101,45 ;86,64 ;98,57 ;88,17 ;110,71
02/2012;0,52 ;0,39 ;90,19 ;84,27 ;98,48 ;90,40 ;76,06 ;123,65 ;86,83 ;69,86;86,36 ;92,72 ;98,8 ;144,31 ;92,97 ;100,71 ;89,46 ;97,79 ;87,73 ;108,41
03/2012;0,11 ;0,05 ;98,38 ;96,71 ;123,07 ;98,62 ;85,55 ;101,31 ;105,25 ;80,63;98,79 ;93,50 ;98,9 ;144,41 ;93,40 ;100,60 ;88,89 ;99,06 ;90,66 ;111,07
04/2012;0,67 ;0,70 ;93,88 ;88,78 ;102,50 ;93,89 ;81,36 ;83,73 ;86,94 ;76,71;92,06 ;93,59 ;98,6 ;144,93 ;92,60 ;100,74 ;86,30 ;99,15 ;90,79 ;108,84
05/2012;0,27 ;0,46 ;92,09 ;95,85 ;121,13 ;91,78 ;87,81 ;93,59 ;99,95 ;84,13;98,90 ;93,95 ;98,2 ;145,81 ;93,77 ;103,23 ;90,05 ;99,69 ;89,65 ;109,91
06/2012;0,07 ;0,20 ;93,01 ;90,87 ;133,84 ;93,05 ;84,57 ;91,91 ;91,97 ;79,76;93,75 ;94,71 ;98,0 ;146,97 ;94,38 ;101,75 ;88,83 ;99,49 ;92,83 ;109,84
07/2012;0,41 ;0,37 ;93,88 ;95,14 ;128,74 ;93,93 ;87,51 ;93,86 ;93,84 ;80,81;101,48 ;96,02 ;101,8 ;148,73 ;94,41 ;100,27 ;90,06 ;100,57 ;91,53 ;110,44
08/2012;0,35 ;0,39 ;96,02 ;99,56 ;146,21 ;96,08 ;89,70 ;105,85 ;101,50 ;86,44;109,30 ;95,94 ;102,0 ;148,08 ;95,40 ;103,60 ;91,88 ;99,18 ;94,52 ;106,15
09/2012;0,57 ;0,60 ;94,98 ;91,56 ;102,56 ;95,31 ;84,43 ;92,03 ;89,94 ;79,32;99,06 ;95,65 ;100,8 ;146,49 ;95,01 ;104,10 ;89,41 ;99,33 ;94,44 ;107,90
10/2012;0,50 ;0,63 ;96,31 ;104,16 ;129,71 ;96,44 ;87,34 ;100,02 ;96,98 ;93,43;110,57 ;95,93 ;103,6 ;148,61 ;95,01 ;100,66 ;90,35 ;99,50 ;95,79 ;103,98
11/2012;0,52 ;0,44 ;96,00 ;105,94 ;117,79 ;96,20 ;83,79 ;105,99 ;92,83 ;95,62;105,26 ;95,49 ;100,6 ;147,85 ;95,07 ;103,77 ;91,29 ;98,77 ;94,62 ;104,80
12/2012;0,75 ;0,64 ;119,53 ;149,56 ;124,08 ;120,27 ;90,42 ;146,42 ;136,40 ;137,31;92,94 ;96,33 ;101,7 ;148,41 ;97,22 ;102,37 ;92,68 ;101,49 ;94,08 ;110,15
01/2013;0,88 ;0,93 ;92,60 ;109,37 ;113,06 ;92,66 ;83,24 ;167,66 ;94,76 ;90,21;101,52 ;95,33 ;102,1 ;148,25 ;96,73 ;100,09 ;93,08 ;100,49 ;95,36 ;106,31
02/2013;0,60 ;0,41 ;88,78 ;84,76 ;101,07 ;88,90 ;78,60 ;130,54 ;93,98 ;70,89;87,15 ;95,57 ;99,2 ;147,19 ;96,61 ;100,49 ;93,38 ;100,42 ;94,80 ;107,02
03/2013;0,46 ;0,56 ;102,23 ;93,91 ;121,18 ;102,64 ;87,77 ;104,79 ;104,75 ;91,30;98,30 ;95,97 ;101,9 ;148,29 ;95,86 ;102,46 ;93,17 ;98,87 ;95,97 ;103,76
04/2013;0,57 ;0,57 ;88,84 ;94,40 ;123,84 ;88,81 ;90,32 ;91,56 ;95,03 ;80,44;103,57 ;96,38 ;102,8 ;149,16 ;98,01 ;102,76 ;94,55 ;100,22 ;98,17 ;104,75
05/2013;0,36 ;0,37 ;95,10 ;100,38 ;121,78 ;95,33 ;93,05 ;90,85 ;102,78 ;87,57;104,13 ;97,10 ;103,0 ;150,44 ;98,26 ;102,61 ;95,30 ;99,31 ;98,55 ;106,43
06/2013;0,35 ;0,48 ;92,30 ;91,26 ;119,18 ;92,37 ;88,66 ;85,23 ;100,30 ;82,69;97,31 ;97,07 ;102,7 ;150,48 ;97,39 ;103,20 ;94,93 ;100,53 ;95,51 ;107,20
07/2013;0,01 ;-0,26 ;96,58 ;100,12 ;123,11 ;96,28 ;95,80 ;92,13 ;101,31 ;87,80;108,08 ;100,11 ;102,0 ;150,80 ;97,90 ;104,06 ;95,90 ;99,45 ;97,10 ;101,12
08/2013;0,19 ;0,11 ;101,90 ;103,15 ;127,65 ;102,06 ;96,89 ;100,23 ;106,27 ;92,61;110,49 ;100,70 ;101,8 ;150,67 ;97,60 ;102,63 ;95,12 ;99,96 ;97,11 ;102,35
09/2013;0,36 ;0,28 ;96,64 ;92,56 ;113,78 ;96,24 ;93,32 ;88,67 ;106,22 ;92,11;105,90 ;100,47 ;104,0 ;151,48 ;98,61 ;104,84 ;96,71 ;100,18 ;98,56 ;102,14
10/2013;0,60 ;0,64 ;99,96 ;103,74 ;124,18 ;99,89 ;97,02 ;96,99 ;106,99 ;105,33;112,15 ;100,20 ;101,9 ;150,92 ;99,38 ;104,91 ;98,69 ;99,19 ;100,07 ;101,35
11/2013;0,53 ;0,52 ;102,09 ;111,17 ;123,82 ;101,69 ;93,98 ;103,50 ;100,68 ;97,86;105,84 ;99,95 ;102,5 ;151,71 ;99,81 ;103,84 ;98,48 ;100,72 ;99,43 ;101,39
12/2013;0,96 ;0,76 ;121,72 ;135,38 ;121,12 ;122,12 ;101,19 ;148,06 ;144,12 ;150,43;92,33 ;99,98 ;97,2 ;150,01 ;99,89 ;103,49 ;99,02 ;99,25 ;98,59 ;101,61
01/2014;0,55 ;0,63 ;98,38 ;110,51 ;110,18 ;98,13 ;94,82 ;162,46 ;88,72 ;100,46;102,81 ;100,32 ;98,6 ;151,18 ;101,41 ;103,91 ;101,48 ;101,76 ;100,12 ;101,27
02/2014;0,93 ;0,91 ;94,13 ;89,23 ;101,41 ;93,91 ;90,26 ;124,90 ;96,10 ;84,18;103,02 ;100,01 ;98,9 ;150,79 ;99,10 ;103,48 ;96,58 ;99,84 ;100,68 ;100,08
03/2014;0,97 ;0,86 ;99,96 ;97,04 ;93,65 ;100,03 ;95,19 ;94,20 ;93,84 ;86,62;97,32 ;99,86 ;99,0 ;150,49 ;99,49 ;101,45 ;98,60 ;100,08 ;100,82 ;101,01
04/2014;0,52 ;0,62 ;98,58 ;94,77 ;102,39 ;98,80 ;95,59 ;82,10 ;88,47 ;92,07;96,05 ;100,28 ;98,6 ;150,16 ;99,62 ;101,64 ;99,16 ;98,52 ;99,91 ;103,74
05/2014;0,33 ;0,45 ;97,87 ;105,83 ;105,79 ;98,00 ;102,57 ;89,86 ;93,74 ;96,58;102,05 ;100,31 ;97,9 ;149,42 ;99,38 ;101,68 ;99,13 ;99,29 ;99,07 ;98,91
06/2014;0,39 ;0,20 ;93,85 ;88,32 ;93,03 ;93,82 ;95,50 ;74,67 ;89,27 ;87,63;88,60 ;99,05 ;97,8 ;148,70 ;99,82 ;97,54 ;102,38 ;98,86 ;98,13 ;97,99
07/2014;0,08 ;0,21 ;97,09 ;89,05 ;99,87 ;96,96 ;101,69 ;80,06 ;91,50 ;91,44;101,73 ;99,19 ;97,2 ;147,87 ;99,74 ;95,42 ;99,89 ;99,00 ;101,29 ;100,13
08/2014;0,22 ;0,09 ;100,63 ;95,04 ;95,24 ;100,50 ;103,46 ;91,43 ;98,37 ;93,55;100,04 ;100,00 ;97,4 ;148,70 ;99,28 ;99,78 ;99,21 ;99,74 ;99,19 ;100,19
09/2014;0,56 ;0,46 ;95,27 ;91,31 ;97,16 ;94,92 ;103,35 ;81,78 ;100,70 ;94,02;103,47 ;100,17 ;97,1 ;148,10 ;100,90 ;98,26 ;100,86 ;102,23 ;101,13 ;100,19
10/2014;0,43 ;0,41 ;102,32 ;97,26 ;97,23 ;102,28 ;106,16 ;83,27 ;103,30 ;103,65;109,90 ;100,55 ;97,0 ;148,91 ;100,60 ;98,98 ;102,58 ;100,22 ;99,09 ;103,00
11/2014;0,47 ;0,50 ;100,85 ;110,99 ;101,77 ;100,87 ;99,82 ;97,84 ;104,34 ;107,54;101,48 ;100,67 ;95,7 ;148,43 ;101,30 ;98,39 ;102,29 ;99,44 ;102,36 ;98,38
12/2014;0,76 ;0,56 ;121,09 ;130,70 ;102,29 ;121,69 ;111,72 ;137,33 ;151,73 ;162,26;93,47 ;100,30 ;92,4 ;148,70 ;99,49 ;101,24 ;98,10 ;100,78 ;98,83 ;94,25
01/2015;1,46 ;1,96 ;98,93 ;107,54 ;85,24 ;99,00 ;100,13 ;153,21 ;111,82 ;102,27;96,49 ;100,33 ;95,4 ;149,94 ;98,88 ;99,40 ;100,96 ;100,35 ;94,55 ;93,18
02/2015;1,19 ;1,06 ;92,45 ;80,65 ;72,76 ;92,72 ;91,63 ;112,82 ;110,75 ;87,29;87,08 ;99,84 ;94,0 ;148,13 ;99,19 ;98,97 ;103,37 ;98,55 ;95,79 ;92,83
03/2015;1,36 ;1,63 ;97,52 ;86,46 ;88,52 ;97,65 ;107,24 ;88,73 ;119,44 ;101,01;96,20 ;99,37 ;93,0 ;147,74 ;99,56 ;97,23 ;105,05 ;99,80 ;98,39 ;90,53
04/2015;0,64 ;0,66 ;96,81 ;77,51 ;85,47 ;96,95 ;102,62 ;74,34 ;90,38 ;90,19;89,66 ;96,63 ;90,2 ;146,65 ;97,92 ;95,38 ;102,08 ;99,22 ;93,94 ;93,13
05/2015;0,62 ;0,91 ;96,25 ;85,24 ;83,61 ;96,19 ;105,90 ;78,98 ;98,79 ;98,93;87,80 ;97,47 ;89,9 ;145,58 ;97,44 ;92,76 ;101,46 ;98,54 ;94,03 ;90,09
06/2015;0,74 ;0,69 ;91,38 ;76,07 ;88,14 ;91,37 ;102,71 ;70,83 ;102,72 ;89,68;89,07 ;95,81 ;89,1 ;145,16 ;96,90 ;95,06 ;100,88 ;98,20 ;92,87 ;90,55
07/2015;0,66 ;0,69 ;95,37 ;77,04 ;90,80 ;95,23 ;105,04 ;73,13 ;85,93 ;89,91;94,63 ;95,62 ;86,6 ;142,94 ;95,66 ;89,96 ;100,72 ;96,58 ;91,56 ;89,62
08/2015;0,15 ;0,17 ;97,17 ;76,19 ;86,32 ;96,89 ;105,20 ;75,20 ;94,33 ;92,43;90,40 ;94,89 ;87,5 ;143,98 ;96,24 ;92,68 ;100,44 ;95,40 ;93,19 ;89,40
09/2015;0,62 ;0,57 ;94,76 ;76,37 ;83,85 ;94,40 ;101,10 ;67,52 ;93,99 ;90,43;89,56 ;95,34 ;84,6 ;143,13 ;95,15 ;92,49 ;100,74 ;94,03 ;91,38 ;88,49
10/2015;0,82 ;0,69 ;104,25 ;83,37 ;84,01 ;104,05 ;105,07 ;73,49 ;80,79 ;97,97;91,17 ;96,26 ;85,5 ;143,79 ;95,86 ;93,50 ;100,14 ;94,96 ;92,42 ;89,17
11/2015;0,95 ;1,02 ;98,00 ;96,93 ;85,99 ;97,77 ;100,59 ;77,35 ;106,13 ;104,13;86,11 ;95,18 ;83,1 ;141,46 ;94,51 ;93,25 ;98,93 ;94,36 ;90,98 ;89,87
12/2015;0,88 ;0,77 ;119,75 ;107,87 ;95,32 ;120,16 ;114,35 ;109,00 ;135,61 ;152,71;79,08 ;94,99 ;82,5 ;142,55 ;93,97 ;93,52 ;99,07 ;92,91 ;89,06 ;83,69
01/2016;1,28 ;1,61 ;95,32 ;79,01 ;75,23 ;95,45 ;99,49 ;127,74 ;94,98 ;86,98;78,08 ;91,19 ;83,3 ;142,10 ;93,69 ;94,85 ;98,82 ;93,97 ;87,87 ;83,54
02/2016;0,80 ;0,73 ;93,48 ;73,08 ;72,64 ;93,62 ;98,03 ;99,06 ;96,27 ;76,26;75,36 ;93,86 ;82,4 ;141,52 ;93,68 ;94,15 ;96,49 ;94,49 ;89,08 ;84,44
03/2016;0,48 ;0,54 ;98,92 ;76,18 ;85,14 ;99,34 ;109,32 ;75,00 ;120,40 ;88,75;82,65 ;92,88 ;83,5 ;141,01 ;94,23 ;92,46 ;98,53 ;94,59 ;92,12 ;96,06
04/2016;0,49 ;0,47 ;94,39 ;71,80 ;75,02 ;94,78 ;102,63 ;59,07 ;81,92 ;80,24;77,96 ;92,82 ;84,5 ;141,19 ;93,05 ;90,69 ;97,86 ;93,32 ;87,53 ;89,83
05/2016;0,82 ;1,17 ;93,12 ;74,04 ;74,27 ;93,63 ;104,08 ;58,78 ;92,86 ;83,46;78,89 ;91,74 ;83,8 ;139,58 ;93,46 ;88,75 ;99,39 ;92,01 ;89,13 ;87,22
06/2016;0,45 ;0,60 ;92,26 ;69,22 ;73,61 ;90,74 ;101,81 ;57,18 ;85,78 ;83,71;80,07 ;92,68 ;83,4 ;139,34 ;92,11 ;88,77 ;98,49 ;92,28 ;87,26 ;84,84
07/2016;0,44 ;0,56 ;95,43 ;72,81 ;69,36 ;95,58 ;104,32 ;58,91 ;79,99 ;80,76;81,51 ;91,49 ;85,4 ;139,50 ;93,37 ;88,65 ;99,62 ;93,69 ;87,35 ;90,22
08/2016;0,60 ;0,45 ;96,83 ;71,44 ;73,71 ;97,26 ;103,31 ;63,04 ;91,59 ;82,38;82,74 ;91,72 ;81,8 ;137,58 ;92,45 ;89,97 ;100,27 ;91,14 ;85,51 ;86,96
09/2016;-0,02 ;-0,09 ;93,13 ;68,09 ;71,10 ;92,92 ;100,43 ;55,37 ;87,01 ;82,60;79,72 ;90,54 ;83,0 ;138,43 ;91,86 ;86,05 ;99,70 ;90,69 ;85,63 ;86,29
10/2016;0,22 ;0,08 ;97,96 ;75,74 ;69,37 ;97,75 ;101,60 ;59,43 ;79,51 ;90,42;77,22 ;90,53 ;81,9 ;137,79 ;90,40 ;87,42 ;96,09 ;90,22 ;83,62 ;87,56
11/2016;0,19 ;0,02 ;96,74 ;89,44 ;74,36 ;96,41 ;100,36 ;69,03 ;101,12 ;102,99;80,73 ;90,16 ;83,3 ;137,62 ;90,34 ;86,77 ;96,83 ;89,40 ;84,30 ;89,39
12/2016;0,31 ;0,05 ;116,99 ;100,89 ;76,78 ;117,05 ;111,55 ;96,59 ;140,11 ;146,26;76,47 ;89,85 ;83,3 ;136,11 ;90,01 ;91,50 ;93,82 ;87,94 ;85,81 ;86,78
01/2017;0,36 ;0,35 ;98,61 ;85,89 ;71,85 ;100,36 ;100,58 ;120,81 ;76,52 ;78,93;83,60 ;92,22 ;84,8 ;136,96 ;91,11 ;88,02 ;101,55 ;86,79 ;87,38 ;78,79
02/2017;0,37 ;0,20 ;94,46 ;71,62 ;57,51 ;96,54 ;95,35 ;91,74 ;69,99 ;66,30;75,66 ;93,48 ;85,1 ;138,50 ;91,42 ;88,62 ;100,04 ;85,90 ;89,85 ;81,42
03/2017;0,25 ;0,32 ;89,87 ;87,85 ;76,00 ;90,53 ;109,25 ;80,75 ;88,09 ;81,88;91,71 ;89,76 ;84,0 ;138,93 ;88,44 ;87,02 ;97,30 ;84,82 ;88,20 ;80,23
04/2017;0,16 ;0,15 ;98,24 ;72,33 ;60,29 ;100,55 ;100,43 ;59,33 ;76,19 ;80,72;78,63 ;93,06 ;83,8 ;138,97 ;90,51 ;87,86 ;98,92 ;86,15 ;89,78 ;79,48
05/2017;0,30 ;0,41 ;93,59 ;87,28 ;74,29 ;95,31 ;108,57 ;59,16 ;86,56 ;83,86;87,72 ;93,50 ;84,4 ;139,11 ;90,47 ;89,30 ;97,69 ;86,26 ;88,66 ;82,87
06/2017;-0,29 ;-0,44 ;92,70 ;81,25 ;70,94 ;94,24 ;106,52 ;59,35 ;79,68 ;86,40;87,02 ;94,58 ;87,0 ;140,63 ;91,28 ;91,29 ;99,22 ;86,59 ;91,13 ;83,60
07/2017;0,27 ;0,17 ;96,73 ;82,56 ;70,95 ;98,55 ;108,11 ;63,88 ;78,81 ;83,56;91,99 ;94,64 ;86,3 ;140,22 ;91,12 ;88,51 ;98,31 ;87,36 ;89,64 ;82,73
08/2017;0,24 ;0,01 ;97,63 ;84,00 ;82,55 ;99,20 ;109,50 ;63,58 ;74,88 ;85,46;95,16 ;93,50 ;85,6 ;139,76 ;90,27 ;84,72 ;98,91 ;86,86 ;89,32 ;81,56
09/2017;0,20 ;-0,06 ;97,59 ;78,35 ;76,27 ;99,05 ;111,14 ;54,03 ;73,81 ;85,76;92,19 ;93,88 ;88,2 ;140,85 ;89,62 ;88,17 ;95,89 ;85,07 ;88,56 ;82,38
10/2017;0,36 ;0,29 ;100,59 ;81,61 ;77,62 ;102,83 ;111,77 ;59,65 ;70,97 ;88,30;93,13 ;93,83 ;87,4 ;140,41 ;89,84 ;87,25 ;97,80 ;85,19 ;88,19 ;80,01
11/2017;0,36 ;0,30 ;101,07 ;105,25 ;77,75 ;103,22 ;112,03 ;70,04 ;82,22 ;109,19;95,29 ;93,94 ;88,0 ;140,61 ;90,40 ;88,12 ;98,67 ;84,43 ;89,92 ;81,09
12/2017;0,54 ;0,32 ;124,98 ;107,36 ;81,12 ;128,54 ;121,68 ;93,95 ;91,01 ;134,79;89,18 ;94,38 ;90,1 ;140,86 ;90,72 ;84,15 ;96,58 ;87,50 ;89,95 ;83,60
01/2018;0,30 ;0,24 ;100,30 ;88,37 ;82,56 ;102,41 ;108,30 ;111,43 ;74,44 ;85,36;90,17 ;93,86 ;87,4 ;140,13 ;89,95 ;83,56 ;97,43 ;84,94 ;89,35 ;82,08
02/2018;0,39 ;0,22 ;95,17 ;71,30 ;72,35 ;96,95 ;101,24 ;85,93 ;70,50 ;69,34;79,83 ;93,69 ;85,7 ;139,87 ;90,07 ;84,90 ;95,48 ;86,35 ;89,87 ;84,00
03/2018;0,18 ;0,23 ;104,67 ;82,07 ;92,24 ;106,13 ;117,39 ;68,45 ;78,89 ;88,47;90,82 ;94,64 ;88,3 ;141,59 ;90,63 ;87,60 ;99,66 ;86,33 ;89,35 ;87,01
04/2018;0,17 ;0,15 ;98,73 ;75,38 ;89,01 ;100,34 ;111,45 ;56,25 ;79,01 ;78,42;89,53 ;96,96 ;89,3 ;143,27 ;91,13 ;88,98 ;99,15 ;86,49 ;90,78 ;87,26
05/2018;0,22 ;0,24 ;102,48 ;77,92 ;77,68 ;104,58 ;114,60 ;52,55 ;81,18 ;84,96;85,82 ;95,38 ;80,8 ;138,72 ;90,49 ;87,46 ;98,46 ;86,99 ;86,53 ;85,76
06/2018;1,28 ;1,58 ;96,64 ;77,56 ;85,22 ;98,03 ;112,13 ;53,08 ;77,76 ;86,45;91,56 ;94,30 ;88,6 ;142,55 ;92,04 ;86,19 ;101,52 ;84,94 ;93,15 ;86,12
07/2018;0,52 ;0,56 ;98,56 ;74,69 ;89,92 ;100,00 ;114,67 ;58,14 ;75,30 ;83,80;92,61 ;94,06 ;88,6 ;142,59 ;90,51 ;89,48 ;99,42 ;85,87 ;90,03 ;82,98
08/2018;-0,02 ;0,08 ;104,87 ;79,92 ;100,18 ;106,75 ;118,88 ;55,08 ;84,70 ;89,23;100,66 ;96,59 ;86,8 ;142,03 ;91,72 ;88,23 ;99,27 ;87,92 ;91,33 ;84,94
09/2018;0,50 ;0,35 ;99,03 ;76,18 ;88,80 ;100,57 ;114,14 ;45,21 ;73,18 ;87,58;90,28 ;94,26 ;84,4 ;141,88 ;91,75 ;90,13 ;100,60 ;85,92 ;90,30 ;84,47
10/2018;0,38 ;0,30 ;102,34 ;77,56 ;97,95 ;104,02 ;119,42 ;49,18 ;78,47 ;93,92;99,79 ;94,02 ;84,4 ;141,20 ;91,31 ;88,50 ;99,50 ;84,35 ;89,08 ;88,43
11/2018;-0,20 ;-0,32 ;105,86 ;101,81 ;88,53 ;108,43 ;121,48 ;49,27 ;86,46 ;123,48;96,95 ;96,75 ;85,1 ;142,61 ;91,33 ;89,80 ;100,40 ;84,95 ;89,43 ;88,52
12/2018;0,11 ;0,03 ;127,27 ;99,11 ;85,88 ;131,09 ;133,08 ;69,45 ;99,36 ;130,77;88,51 ;94,65 ;87,4 ;143,34 ;92,30 ;89,79 ;101,95 ;85,08 ;89,38 ;86,74
01/2019;0,46 ;0,56 ;103,79 ;82,87 ;92,98 ;106,31 ;118,41 ;75,26 ;82,75 ;90,41;91,90 ;95,77 ;84,9 ;143,87 ;92,40 ;91,52 ;102,06 ;85,14 ;88,91 ;90,08
02/2019;0,47 ;0,60 ;97,27 ;70,70 ;85,55 ;99,39 ;111,63 ;64,32 ;90,36 ;76,64;87,27 ;95,26 ;85,3 ;144,07 ;92,09 ;91,74 ;103,47 ;85,89 ;85,87 ;89,48
03/2019;0,68 ;0,66 ;99,14 ;77,42 ;92,47 ;101,26 ;123,35 ;43,83 ;90,59 ;84,80;90,88 ;95,66 ;85,4 ;143,46 ;91,48 ;92,44 ;102,56 ;86,76 ;87,09 ;88,70
04/2019;0,46 ;0,46 ;100,16 ;73,75 ;97,05 ;102,44 ;118,61 ;42,95 ;77,13 ;87,80;92,06 ;95,83 ;85,6 ;143,48 ;91,49 ;93,09 ;103,85 ;85,95 ;86,42 ;90,21
05/2019;0,11 ;0,18 ;100,42 ;82,58 ;103,72 ;102,76 ;126,30 ;45,41 ;83,17 ;84,21;96,24 ;94,94 ;86,0 ;144,06 ;93,57 ;93,60 ;105,68 ;87,23 ;86,50 ;92,01
06/2019;0,03 ;0,00 ;98,63 ;73,66 ;96,75 ;100,44 ;119,64 ;41,31 ;67,43 ;85,88;88,60 ;96,06 ;84,8 ;143,83 ;91,67 ;93,63 ;102,56 ;87,31 ;86,29 ;92,98
07/2019;0,27 ;0,14 ;100,75 ;81,66 ;108,10 ;102,60 ;126,69 ;48,47 ;72,40 ;89,33;100,53 ;97,28 ;84,8 ;143,26 ;92,47 ;92,88 ;105,35 ;86,07 ;86,55 ;94,00
08/2019;0,18 ;0,25 ;107,71 ;77,74 ;100,13 ;109,98 ;127,47 ;45,52 ;77,26 ;92,96;98,37 ;97,30 ;86,2 ;144,20 ;92,37 ;90,37 ;106,10 ;86,28 ;84,09 ;94,44
09/2019;-0,10 ;-0,11 ;100,16 ;83,75 ;98,32 ;101,84 ;122,31 ;37,78 ;73,00 ;94,18;95,13 ;98,09 ;86,0 ;145,01 ;93,82 ;92,75 ;105,46 ;88,49 ;87,50 ;95,50
10/2019;0,18 ;0,13 ;105,02 ;85,31 ;106,95 ;106,66 ;129,45 ;41,66 ;83,94 ;99,80;105,20 ;98,11 ;86,4 ;146,05 ;95,34 ;93,18 ;107,94 ;88,27 ;88,48 ;93,30
11/2019;0,53 ;0,57 ;107,71 ;107,55 ;93,80 ;110,05 ;137,85 ;41,10 ;88,86 ;121,84;100,46 ;98,18 ;85,0 ;145,46 ;94,92 ;91,12 ;107,06 ;88,74 ;87,51 ;94,57
12/2019;1,01 ;1,05 ;122,62 ;122,38 ;95,94 ;125,97 ;148,41 ;74,38 ;92,02 ;150,14;90,60 ;98,21 ;83,8 ;144,96 ;94,66 ;91,78 ;107,24 ;86,22 ;87,84 ;98,17
01/2020;0,26 ;0,17 ;99,51 ;97,39 ;102,92 ;101,87 ;131,10 ;85,54 ;76,78 ;95,35;93,76 ;97,03 ;84,8 ;145,56 ;94,19 ;91,30 ;106,27 ;84,79 ;88,12 ;99,89
02/2020;0,24 ;0,09 ;100,46 ;84,82 ;86,96 ;102,94 ;125,34 ;59,42 ;75,87 ;82,88;84,52 ;98,22 ;84,0 ;145,57 ;94,35 ;90,42 ;104,70 ;83,49 ;88,50 ;101,24
03/2020;0,15 ;0,26 ;112,73 ;73,51 ;72,47 ;116,59 ;142,53 ;29,70 ;65,86 ;73,59;85,56 ;97,90 ;80,8 ;141,63 ;87,50 ;62,94 ;103,23 ;80,36 ;83,64 ;101,93
04/2020;-0,23 ;-0,17 ;103,50 ;46,83 ;31,59 ;107,77 ;106,54 ;15,08 ;42,76 ;54,70;74,73 ;80,24 ;65,0 ;131,31 ;77,37 ;35,30 ;100,45 ;70,15 ;69,13 ;94,94
05/2020;-0,35 ;-0,20 ;109,15 ;71,05 ;56,08 ;113,62 ;125,38 ;13,46 ;46,72 ;76,94;91,49 ;88,29 ;70,2 ;134,22 ;76,79 ;36,54 ;97,49 ;67,30 ;69,68 ;89,05
06/2020;-0,01 ;0,29 ;-;-;-;-;-;-;-;-;;;;;;;;;;
Fonte;BCB e IBGE;BCB e IBGE;BCB e IBGE;BCB e IBGE;BCB e IBGE;BCB e IBGE;BCB e IBGE;BCB e IBGE;BCB e IBGE;BCB e IBGE;BCB e IBGE;BCB e IBGE;BCB e IBGE;BCB-Depec;BCB e IBGE;BCB e IBGE;BCB e IBGE;BCB e IBGE;BCB e IBGE;BCB e IBGE
