Data;14026 - Saldo das operações de crédito do Sistema Financeiro Nacional - São Paulo - Pessoas físicas - R$ (milhões);14053 - Saldo das operações de crédito do Sistema Financeiro Nacional - São Paulo - Pessoas jurídicas - R$ (milhões);14080 - Saldo das operações de crédito do Sistema Financeiro Nacional - São Paulo - Total - R$ (milhões);15885 - Taxa de inadimplência das operações de crédito do Sistema Financeiro Nacional - São Paulo - Pessoas físicas - %;15917 - Taxa de inadimplência das operações de crédito do Sistema Financeiro Nacional - São Paulo - Pessoas jurídicas - %;15949 - Taxa de inadimplência das operações de crédito do Sistema Financeiro Nacional - São Paulo - Total - %
01/2004;36.817 ;103.392 ;140.209 ;5,77 ;2,80 ;3,47
02/2004;37.505 ;103.029 ;140.533 ;5,69 ;1,52 ;2,49
03/2004;38.221 ;102.634 ;140.855 ;5,50 ;1,55 ;2,48
04/2004;38.775 ;105.712 ;144.487 ;5,50 ;1,62 ;2,53
05/2004;39.522 ;109.432 ;148.953 ;5,42 ;1,79 ;2,63
06/2004;40.236 ;110.953 ;151.189 ;5,23 ;1,63 ;2,46
07/2004;41.117 ;112.303 ;153.420 ;5,18 ;1,56 ;2,40
08/2004;41.451 ;112.339 ;153.789 ;5,00 ;1,42 ;2,27
09/2004;42.037 ;113.039 ;155.076 ;5,12 ;1,36 ;2,26
10/2004;43.379 ;116.511 ;159.890 ;5,07 ;1,28 ;2,18
11/2004;44.165 ;117.214 ;161.378 ;5,08 ;1,32 ;2,23
12/2004;46.090 ;116.231 ;162.321 ;4,45 ;1,32 ;2,10
01/2005;47.770 ;116.389 ;164.160 ;4,48 ;1,27 ;2,08
02/2005;48.886 ;117.604 ;166.490 ;4,47 ;1,36 ;2,15
03/2005;49.660 ;118.249 ;167.910 ;4,47 ;1,52 ;2,28
04/2005;50.750 ;120.039 ;170.789 ;4,51 ;1,71 ;2,43
05/2005;51.893 ;118.966 ;170.859 ;4,67 ;1,36 ;2,23
06/2005;52.916 ;120.394 ;173.310 ;4,52 ;1,29 ;2,14
07/2005;54.294 ;121.682 ;175.977 ;4,59 ;1,36 ;2,22
08/2005;55.203 ;123.411 ;178.613 ;4,66 ;1,25 ;2,16
09/2005;56.093 ;124.379 ;180.472 ;4,68 ;1,38 ;2,27
10/2005;57.273 ;125.854 ;183.128 ;4,81 ;1,61 ;2,49
11/2005;58.726 ;127.441 ;186.167 ;4,87 ;1,47 ;2,41
12/2005;60.352 ;131.174 ;191.526 ;4,57 ;1,34 ;2,23
01/2006;62.157 ;129.704 ;191.861 ;4,84 ;1,28 ;2,29
02/2006;63.484 ;130.755 ;194.239 ;5,09 ;1,46 ;2,49
03/2006;64.831 ;131.515 ;196.346 ;5,27 ;1,50 ;2,59
04/2006;66.457 ;133.515 ;199.972 ;5,46 ;1,50 ;2,65
05/2006;68.020 ;135.790 ;203.811 ;5,66 ;1,54 ;2,74
06/2006;69.847 ;137.371 ;207.217 ;5,30 ;1,50 ;2,61
07/2006;71.500 ;139.393 ;210.893 ;5,41 ;1,49 ;2,65
08/2006;72.958 ;136.755 ;209.714 ;5,45 ;1,58 ;2,76
09/2006;74.625 ;139.566 ;214.191 ;5,32 ;1,57 ;2,72
10/2006;75.986 ;141.520 ;217.506 ;5,48 ;1,63 ;2,81
11/2006;77.989 ;144.696 ;222.686 ;5,43 ;1,64 ;2,80
12/2006;79.482 ;150.024 ;229.506 ;5,12 ;1,91 ;2,89
01/2007;81.803 ;147.790 ;229.594 ;5,18 ;1,99 ;2,98
02/2007;83.658 ;149.361 ;233.019 ;5,08 ;1,74 ;2,78
03/2007;85.743 ;151.850 ;237.593 ;4,99 ;1,49 ;2,59
04/2007;86.432 ;154.406 ;240.838 ;5,10 ;1,47 ;2,62
05/2007;89.912 ;155.786 ;245.698 ;5,14 ;1,54 ;2,70
06/2007;92.711 ;162.347 ;255.057 ;4,84 ;1,37 ;2,48
07/2007;95.090 ;165.651 ;260.741 ;4,87 ;1,37 ;2,49
08/2007;97.825 ;170.564 ;268.389 ;4,79 ;1,34 ;2,45
09/2007;100.684 ;173.918 ;274.602 ;4,62 ;1,28 ;2,36
10/2007;103.116 ;177.244 ;280.361 ;4,38 ;1,27 ;2,28
11/2007;106.496 ;184.715 ;291.212 ;4,47 ;1,26 ;2,30
12/2007;109.831 ;192.310 ;302.141 ;4,31 ;1,20 ;2,20
01/2008;112.674 ;191.474 ;304.149 ;4,44 ;1,23 ;2,28
02/2008;115.583 ;195.248 ;310.830 ;4,53 ;1,25 ;2,32
03/2008;117.351 ;204.920 ;322.271 ;4,45 ;1,18 ;2,23
04/2008;120.458 ;208.320 ;328.778 ;4,57 ;1,19 ;2,29
05/2008;124.170 ;211.089 ;335.259 ;4,68 ;1,26 ;2,38
06/2008;127.348 ;216.212 ;343.559 ;4,28 ;1,12 ;2,15
07/2008;130.744 ;219.132 ;349.877 ;4,34 ;1,11 ;2,17
08/2008;133.918 ;223.576 ;357.495 ;4,49 ;1,15 ;2,25
09/2008;136.140 ;233.901 ;370.040 ;4,41 ;1,14 ;2,20
10/2008;139.690 ;241.137 ;380.827 ;4,51 ;1,17 ;2,24
11/2008;141.049 ;246.877 ;387.925 ;4,68 ;1,22 ;2,32
12/2008;141.898 ;248.275 ;390.173 ;4,83 ;1,34 ;2,45
01/2009;143.557 ;244.624 ;388.181 ;5,25 ;1,55 ;2,74
02/2009;144.981 ;246.451 ;391.432 ;5,48 ;1,89 ;3,05
03/2009;145.010 ;248.671 ;393.681 ;5,71 ;2,11 ;3,27
04/2009;147.091 ;248.859 ;395.950 ;5,86 ;2,33 ;3,48
05/2009;149.428 ;249.254 ;398.682 ;6,01 ;2,68 ;3,77
06/2009;152.075 ;252.569 ;404.644 ;5,83 ;2,93 ;3,88
07/2009;154.568 ;252.419 ;406.987 ;5,92 ;3,25 ;4,14
08/2009;156.492 ;255.958 ;412.450 ;5,97 ;3,29 ;4,18
09/2009;159.197 ;261.324 ;420.521 ;5,96 ;3,23 ;4,14
10/2009;162.270 ;264.031 ;426.301 ;5,92 ;3,17 ;4,09
11/2009;166.449 ;268.841 ;435.291 ;5,75 ;3,14 ;4,01
12/2009;169.332 ;270.396 ;439.728 ;5,33 ;2,75 ;3,63
01/2010;174.134 ;270.989 ;445.122 ;5,38 ;2,79 ;3,67
02/2010;174.075 ;272.766 ;446.841 ;5,28 ;2,67 ;3,55
03/2010;175.145 ;275.451 ;450.596 ;5,07 ;2,49 ;3,37
04/2010;178.339 ;277.734 ;456.073 ;4,97 ;2,51 ;3,36
05/2010;181.198 ;282.497 ;463.695 ;4,91 ;2,32 ;3,21
06/2010;184.870 ;288.150 ;473.021 ;4,74 ;2,24 ;3,09
07/2010;187.226 ;292.753 ;479.978 ;4,63 ;2,20 ;3,03
08/2010;189.527 ;299.306 ;488.833 ;4,43 ;2,13 ;2,92
09/2010;194.153 ;307.326 ;501.479 ;4,27 ;1,96 ;2,75
10/2010;198.680 ;315.508 ;514.188 ;4,28 ;1,86 ;2,68
11/2010;202.158 ;319.360 ;521.518 ;4,14 ;1,85 ;2,63
12/2010;207.736 ;323.088 ;530.824 ;3,88 ;1,78 ;2,50
01/2011;212.015 ;321.477 ;533.492 ;4,03 ;1,87 ;2,62
02/2011;214.306 ;325.788 ;540.094 ;3,46 ;1,77 ;2,35
03/2011;216.739 ;328.584 ;545.324 ;3,50 ;1,75 ;2,36
04/2011;220.323 ;333.694 ;554.017 ;3,63 ;1,91 ;2,51
05/2011;223.942 ;338.654 ;562.595 ;3,74 ;1,99 ;2,60
06/2011;228.469 ;344.713 ;573.182 ;3,68 ;1,96 ;2,56
07/2011;233.164 ;346.717 ;579.881 ;3,72 ;1,95 ;2,57
08/2011;236.456 ;349.135 ;585.591 ;3,75 ;1,99 ;2,62
09/2011;242.108 ;357.278 ;599.386 ;3,80 ;2,14 ;2,73
10/2011;246.576 ;358.855 ;605.432 ;3,94 ;2,30 ;2,89
11/2011;250.297 ;365.063 ;615.360 ;4,54 ;2,31 ;3,11
12/2011;254.161 ;372.766 ;626.927 ;4,54 ;2,19 ;3,03
01/2012;259.502 ;378.996 ;638.498 ;4,35 ;2,28 ;3,07
02/2012;261.483 ;378.922 ;640.405 ;4,84 ;2,36 ;3,32
03/2012;264.254 ;387.796 ;652.050 ;4,74 ;2,37 ;3,29
04/2012;267.706 ;390.875 ;658.582 ;4,96 ;2,42 ;3,46
05/2012;272.145 ;395.200 ;667.345 ;5,09 ;2,37 ;3,48
06/2012;275.430 ;400.889 ;676.319 ;5,07 ;2,29 ;3,42
07/2012;278.939 ;399.699 ;678.638 ;5,11 ;2,44 ;3,54
08/2012;283.630 ;399.732 ;683.362 ;5,06 ;2,48 ;3,55
09/2012;284.533 ;406.164 ;690.697 ;4,92 ;2,33 ;3,40
10/2012;288.865 ;409.878 ;698.743 ;4,86 ;2,38 ;3,40
11/2012;292.459 ;414.119 ;706.578 ;4,83 ;2,35 ;3,38
12/2012;296.636 ;422.963 ;719.599 ;4,78 ;2,37 ;3,36
01/2013;299.152 ;417.021 ;716.174 ;4,72 ;2,36 ;3,35
02/2013;300.184 ;421.287 ;721.471 ;4,70 ;2,41 ;3,36
03/2013;303.444 ;430.355 ;733.798 ;4,70 ;2,35 ;3,32
04/2013;307.733 ;427.877 ;735.609 ;4,58 ;2,37 ;3,30
05/2013;312.532 ;431.777 ;744.309 ;4,56 ;2,38 ;3,30
06/2013;316.317 ;437.717 ;754.034 ;4,36 ;2,23 ;3,12
07/2013;320.540 ;436.873 ;757.412 ;4,29 ;2,22 ;3,10
08/2013;324.283 ;440.963 ;765.246 ;4,12 ;2,19 ;3,01
09/2013;327.416 ;450.642 ;778.058 ;4,07 ;2,05 ;2,90
10/2013;328.614 ;453.382 ;781.997 ;3,99 ;2,11 ;2,90
11/2013;332.252 ;460.336 ;792.588 ;3,90 ;2,03 ;2,82
12/2013;337.750 ;468.704 ;806.455 ;3,80 ;1,89 ;2,69
01/2014;340.539 ;462.913 ;803.452 ;3,80 ;1,90 ;2,71
02/2014;342.205 ;468.824 ;811.029 ;3,78 ;1,82 ;2,65
03/2014;345.086 ;475.153 ;820.239 ;3,79 ;1,77 ;2,62
04/2014;348.797 ;481.786 ;830.583 ;3,80 ;1,82 ;2,65
05/2014;353.404 ;490.066 ;843.469 ;3,83 ;1,97 ;2,75
06/2014;356.973 ;495.542 ;852.514 ;3,79 ;1,85 ;2,66
07/2014;359.570 ;494.709 ;854.279 ;3,82 ;1,90 ;2,71
08/2014;363.010 ;497.003 ;860.012 ;3,82 ;1,98 ;2,76
09/2014;364.368 ;501.227 ;865.595 ;3,71 ;2,00 ;2,72
10/2014;369.227 ;499.884 ;869.111 ;3,72 ;2,01 ;2,74
11/2014;372.098 ;505.829 ;877.928 ;3,68 ;1,96 ;2,69
12/2014;377.646 ;518.536 ;896.182 ;3,48 ;1,87 ;2,55
01/2015;380.218 ;511.603 ;891.822 ;3,57 ;1,93 ;2,63
02/2015;380.484 ;512.578 ;893.062 ;3,60 ;1,95 ;2,65
03/2015;383.709 ;518.231 ;901.941 ;3,49 ;1,99 ;2,63
04/2015;385.312 ;520.412 ;905.723 ;3,53 ;2,04 ;2,67
05/2015;387.741 ;526.033 ;913.774 ;3,64 ;2,02 ;2,71
06/2015;390.097 ;531.873 ;921.970 ;3,49 ;1,95 ;2,60
07/2015;391.903 ;529.046 ;920.949 ;3,59 ;2,02 ;2,69
08/2015;393.439 ;532.208 ;925.648 ;3,69 ;2,07 ;2,76
09/2015;394.249 ;536.492 ;930.741 ;3,73 ;2,06 ;2,77
10/2015;395.396 ;534.700 ;930.096 ;3,81 ;2,16 ;2,86
11/2015;398.348 ;540.298 ;938.646 ;3,96 ;2,28 ;2,99
12/2015;400.432 ;552.559 ;952.991 ;3,94 ;2,18 ;2,92
01/2016;399.858 ;542.635 ;942.493 ;3,97 ;2,29 ;3,00
02/2016;400.650 ;537.157 ;937.806 ;4,02 ;2,37 ;3,07
03/2016;401.880 ;531.266 ;933.147 ;3,95 ;2,40 ;3,07
04/2016;402.158 ;522.472 ;924.630 ;4,06 ;2,53 ;3,20
05/2016;404.559 ;524.545 ;929.103 ;4,05 ;2,52 ;3,18
06/2016;405.801 ;522.690 ;928.492 ;3,83 ;2,40 ;3,03
07/2016;407.173 ;515.127 ;922.299 ;3,64 ;2,51 ;3,01
08/2016;409.697 ;513.262 ;922.959 ;3,53 ;2,50 ;2,96
09/2016;410.495 ;512.276 ;922.771 ;3,51 ;2,44 ;2,91
10/2016;410.830 ;510.747 ;921.577 ;3,54 ;2,43 ;2,92
11/2016;412.973 ;509.612 ;922.585 ;3,51 ;2,43 ;2,91
12/2016;414.582 ;514.776 ;929.359 ;3,42 ;2,34 ;2,82
01/2017;415.600 ;501.253 ;916.853 ;3,47 ;2,48 ;2,93
02/2017;416.185 ;502.444 ;918.629 ;3,50 ;2,72 ;3,07
03/2017;418.415 ;502.856 ;921.271 ;3,45 ;2,50 ;2,93
04/2017;418.439 ;496.816 ;915.255 ;3,51 ;2,71 ;3,07
05/2017;421.993 ;493.825 ;915.818 ;3,55 ;2,91 ;3,20
06/2017;424.198 ;496.994 ;921.192 ;3,33 ;2,63 ;2,96
07/2017;427.175 ;487.213 ;914.388 ;3,40 ;2,64 ;3,00
08/2017;429.936 ;483.287 ;913.223 ;3,35 ;2,85 ;3,08
09/2017;430.815 ;482.522 ;913.337 ;3,28 ;2,66 ;2,96
10/2017;434.182 ;476.171 ;910.354 ;3,29 ;2,71 ;2,99
11/2017;437.857 ;476.599 ;914.456 ;3,24 ;2,70 ;2,96
12/2017;438.996 ;488.111 ;927.108 ;3,11 ;2,43 ;2,75
01/2018;441.900 ;471.336 ;913.236 ;3,25 ;2,53 ;2,88
02/2018;441.481 ;467.270 ;908.752 ;3,22 ;2,41 ;2,80
03/2018;444.575 ;472.256 ;916.831 ;3,16 ;2,26 ;2,70
04/2018;448.192 ;472.707 ;920.898 ;3,16 ;1,94 ;2,53
05/2018;451.119 ;473.296 ;924.415 ;3,16 ;2,06 ;2,60
06/2018;453.469 ;480.840 ;934.309 ;3,07 ;2,07 ;2,56
07/2018;457.290 ;472.905 ;930.195 ;3,09 ;2,19 ;2,63
08/2018;461.722 ;478.333 ;940.055 ;3,04 ;2,14 ;2,58
09/2018;462.883 ;483.408 ;946.291 ;3,02 ;2,66 ;2,84
10/2018;468.219 ;473.514 ;941.733 ;2,98 ;2,64 ;2,81
11/2018;475.160 ;477.350 ;952.510 ;2,93 ;2,54 ;2,73
12/2018;479.686 ;494.529 ;974.215 ;2,92 ;2,30 ;2,61
01/2019;482.166 ;477.721 ;959.887 ;2,99 ;2,37 ;2,68
02/2019;484.189 ;480.551 ;964.740 ;2,95 ;2,34 ;2,65
03/2019;488.295 ;485.981 ;974.276 ;3,03 ;2,42 ;2,72
04/2019;492.846 ;477.575 ;970.421 ;3,02 ;2,50 ;2,77
05/2019;498.097 ;479.452 ;977.549 ;3,07 ;2,58 ;2,83
06/2019;501.400 ;486.484 ;987.884 ;3,02 ;2,64 ;2,83
07/2019;506.871 ;476.324 ;983.195 ;3,09 ;2,80 ;2,95
08/2019;511.854 ;480.843 ;992.697 ;3,13 ;2,80 ;2,97
09/2019;516.498 ;487.484 ;1.003.982 ;3,18 ;2,57 ;2,88
10/2019;522.651 ;479.464 ;1.002.114 ;3,16 ;2,50 ;2,84
11/2019;528.731 ;484.389 ;1.013.121 ;3,17 ;2,37 ;2,79
12/2019;536.272 ;497.714 ;1.033.986 ;3,12 ;2,01 ;2,59
01/2020;540.981 ;482.378 ;1.023.360 ;3,24 ;2,32 ;2,81
02/2020;542.833 ;485.330 ;1.028.163 ;3,28 ;2,35 ;2,84
03/2020;543.724 ;521.369 ;1.065.093 ;3,60 ;2,50 ;3,06
04/2020;536.052 ;523.712 ;1.059.764 ;3,75 ;2,58 ;3,17
05/2020;535.709 ;531.851 ;1.067.561 ;3,67 ;2,45 ;3,06
Fonte;BCB;BCB;BCB;BCB;BCB;BCB
