Data;1473;1488;1501;1514;1527;1553;1566;7494;21928;25399;28033
2011-01-01;86.8;98.7;92.9;71.3;76.5;126.8;92.9;250.26;111.4;164.04;94.2
2011-02-01;80.1;91.5;87.9;64.7;64.5;136.5;87.8;246.31;113.0;164.09;94.3
2011-03-01;86.8;90.8;100.8;69.5;63.2;153.9;100.6;258.32;113.2;165.8;95.4
2011-04-01;86.3;85.5;100.7;71.9;62.1;150.4;100.7;256.12;113.6;164.9;96.0
2011-05-01;84.8;88.5;89.5;104.6;72.6;172.9;89.5;260.59;116.4;164.5;95.6
2011-06-01;82.4;84.0;89.6;84.4;67.6;138.9;89.8;256.14;110.8;163.5;98.4
2011-07-01;89.2;88.5;97.9;83.9;73.4;108.4;98.0;250.76;105.9;162.9;99.6
2011-08-01;88.6;91.8;95.5;75.7;75.4;112.2;95.6;249.58;102.7;161.08;99.3
2011-09-01;85.5;86.0;93.7;68.6;71.7;117.3;93.8;249.6;102.7;162.92;98.9
2011-10-01;89.2;89.3;96.3;69.5;72.9;101.4;96.3;251.98;100.8;160.49;99.0
2011-11-01;88.0;87.6;93.8;74.8;75.2;110.9;93.8;263.91;104.5;165.83;99.8
2011-12-01;117.7;98.9;121.4;154.6;107.4;141.2;122.0;275.39;104.7;165.81;103.0
2012-01-01;89.8;94.9;98.3;70.9;68.9;129.8;98.3;271.16;101.7;162.5;100.9
2012-02-01;88.2;94.0;99.8;66.1;67.7;117.0;99.8;267.19;104.6;162.95;98.9
2012-03-01;97.3;103.8;107.1;72.7;79.3;134.9;107.2;260.23;105.3;165.88;98.9
2012-04-01;90.3;94.8;101.3;71.5;70.6;91.9;101.4;262.14;96.7;162.83;97.8
2012-05-01;95.6;96.9;100.3;97.4;81.8;141.2;100.1;271.16;99.7;169.1;99.8
2012-06-01;95.2;95.4;104.0;86.3;78.1;149.0;103.6;277.7;101.4;168.43;101.2
2012-07-01;95.1;99.6;99.8;89.5;79.6;118.5;99.6;290.8;101.4;166.95;99.1
2012-08-01;98.7;105.8;103.4;85.9;82.6;139.9;103.3;298.6;99.4;165.3;100.2
2012-09-01;95.5;105.4;101.2;77.9;77.3;101.0;101.1;300.71;95.0;161.2;98.9
2012-10-01;101.4;108.6;105.2;85.9;83.1;115.8;105.2;293.83;105.8;169.71;100.0
2012-11-01;99.1;101.8;101.6;96.5;85.4;112.7;101.5;295.31;92.4;160.39;100.0
2012-12-01;132.1;109.7;129.0;174.4;122.1;126.3;128.9;290.89;96.9;165.29;99.9
2013-01-01;97.4;100.5;102.1;78.7;82.9;121.6;102.1;315.38;96.1;164.3;99.3
2013-02-01;87.8;89.4;96.0;70.9;70.7;104.2;96.0;313.4;98.4;167.37;101.9
2013-03-01;99.7;100.8;108.4;76.7;82.0;120.4;108.2;332.24;95.6;162.33;101.7
2013-04-01;93.6;102.6;93.2;85.3;86.3;115.2;93.1;328.94;98.5;163.56;104.9
2013-05-01;98.6;104.9;99.1;98.1;91.6;108.2;99.1;325.87;96.1;162.23;105.2
2013-06-01;92.4;100.4;94.7;87.8;82.9;107.6;94.5;315.63;95.8;162.27;103.5
2013-07-01;98.8;99.4;100.3;96.9;93.1;109.7;100.4;310.73;93.7;162.07;108.6
2013-08-01;102.4;102.6;106.4;98.7;88.4;107.7;106.5;310.03;93.6;162.72;102.4
2013-09-01;92.8;97.3;94.2;86.8;84.3;99.7;94.0;301.55;92.7;162.91;101.7
2013-10-01;101.7;104.6;101.3;93.7;92.9;107.1;101.3;313.78;97.5;165.17;101.1
2013-11-01;103.7;103.0;103.1;113.1;100.1;105.1;102.8;321.41;97.2;167.75;100.6
2013-12-01;127.1;101.6;123.6;176.4;128.8;101.2;123.5;321.39;94.4;163.85;97.4
2014-01-01;102.2;107.7;102.4;85.6;101.2;96.1;102.3;327.13;94.0;166.35;101.3
2014-02-01;90.4;97.3;92.0;79.7;84.7;91.4;91.8;328.43;89.7;162.28;102.4
2014-03-01;95.4;101.1;100.7;80.5;87.4;92.9;100.4;343.7;92.2;165.5;100.3
2014-04-01;99.1;108.3;102.4;87.3;92.4;112.3;102.2;351.27;96.4;167.13;101.6
2014-05-01;100.5;102.2;99.9;106.9;100.1;116.6;99.9;352.76;97.0;164.73;99.1
2014-06-01;89.8;90.7;91.2;90.9;86.5;84.6;91.3;345.98;98.6;167.42;94.4
2014-07-01;96.9;96.3;98.3;101.4;93.4;108.2;98.3;330.71;104.4;170.46;98.1
2014-08-01;97.8;98.4;97.9;99.9;95.7;94.5;97.8;329.13;106.7;173.27;99.7
2014-09-01;95.8;100.7;96.3;87.1;96.8;101.6;96.3;328.33;108.7;173.43;100.4
2014-10-01;101.4;99.8;100.7;94.0;106.1;99.3;101.0;329.19;108.6;173.16;102.4
2014-11-01;102.4;96.9;97.1;110.7;113.3;98.0;97.0;331.34;108.2;175.97;103.2
2014-12-01;128.6;100.5;121.0;176.0;142.3;104.5;121.5;333.15;106.9;174.3;98.9
2015-01-01;100.8;95.9;102.9;87.3;103.1;97.6;103.1;348.3;110.5;169.74;96.6
2015-02-01;87.1;83.2;93.4;70.0;84.0;69.2;93.8;354.85;112.0;169.22;94.8
2015-03-01;93.3;91.2;96.0;77.1;96.6;86.6;96.2;363.62;111.6;166.76;96.6
2015-04-01;90.6;87.0;97.9;75.8;84.3;68.3;98.1;376.46;109.7;165.22;93.5
2015-05-01;92.2;85.7;93.6;95.8;92.8;74.7;93.6;387.92;110.6;157.57;93.0
2015-06-01;86.7;79.5;90.0;84.5;84.7;71.2;90.2;367.94;112.4;162.8;92.7
2015-07-01;90.9;87.7;95.2;87.8;85.3;74.2;95.4;368.01;108.2;160.67;91.7
2015-08-01;88.9;85.9;93.8;83.2;83.3;62.6;93.9;358.0;107.4;163.18;99.1
2015-09-01;84.3;83.2;90.5;72.1;80.7;68.2;90.6;361.54;108.4;160.07;94.8
2015-10-01;90.2;87.4;100.7;83.4;75.7;60.1;100.8;357.3;103.0;157.03;92.0
2015-11-01;88.0;83.1;87.5;94.5;92.3;61.4;87.6;378.91;87.2;146.72;93.1
2015-12-01;115.2;85.0;118.3;161.3;110.0;73.4;118.9;384.99;87.3;147.99;89.9
2016-01-01;88.5;77.7;94.1;106.4;77.6;57.6;94.4;438.42;81.1;148.47;86.5
2016-02-01;82.2;79.4;92.5;64.4;71.9;45.8;92.9;401.38;91.9;151.5;90.3
2016-03-01;84.3;75.4;96.4;60.0;73.7;55.6;96.8;418.18;87.1;149.33;86.7
2016-04-01;80.9;74.0;93.6;61.4;70.7;55.8;93.9;414.26;86.2;146.7;87.1
2016-05-01;78.1;72.4;86.0;71.1;69.6;50.9;86.1;418.96;86.8;144.65;87.4
2016-06-01;77.4;68.7;87.6;80.8;61.5;63.0;87.9;428.69;84.5;144.93;86.1
2016-07-01;78.8;70.5;91.2;74.8;59.2;59.8;91.5;436.24;85.6;147.26;86.6
2016-08-01;77.9;72.9;89.2;69.3;59.5;57.2;89.6;436.53;81.6;144.8;83.7
2016-09-01;73.7;70.7;87.5;60.7;51.9;54.5;87.6;435.27;87.0;146.23;85.3
2016-10-01;79.4;73.9;92.3;68.0;58.2;51.0;92.4;449.16;87.1;147.66;85.4
2016-11-01;83.7;64.8;90.9;75.2;80.4;55.2;90.9;438.85;83.0;145.06;84.0
2016-12-01;106.2;73.9;118.1;140.5;79.8;58.2;118.6;426.32;88.7;147.31;85.8
2017-01-01;80.7;70.0;87.4;69.9;73.4;55.5;91.0;422.38;91.5;149.2;86.9
2017-02-01;62.7;58.1;67.8;57.0;53.3;48.5;67.9;414.03;89.3;146.03;84.7
2017-03-01;76.8;72.5;74.0;91.8;83.0;81.4;74.4;415.75;89.0;146.9;86.5
2017-04-01;77.1;61.5;80.8;88.8;69.8;60.5;82.4;431.54;90.1;148.64;85.9
2017-05-01;79.7;67.2;78.5;102.1;82.7;74.8;80.0;422.03;91.3;152.81;85.9
2017-06-01;77.3;65.7;79.6;78.7;79.4;79.3;80.9;404.54;90.6;152.73;89.9
2017-07-01;80.7;65.7;83.3;90.0;79.1;74.8;85.0;409.51;82.1;150.44;83.5
2017-08-01;80.5;70.4;82.2;82.6;82.4;83.3;83.6;397.89;87.6;149.1;84.0
2017-09-01;80.0;67.4;85.1;76.4;78.7;72.8;86.6;391.76;83.9;143.96;82.9
2017-10-01;82.5;70.0;83.9;90.3;81.8;77.7;85.6;393.71;84.1;146.65;82.7
2017-11-01;85.6;67.0;81.5;90.5;112.2;83.8;82.9;387.93;84.7;148.47;84.6
2017-12-01;104.5;68.8;107.3;115.6;113.4;75.1;110.4;385.19;83.7;149.4;88.1
2018-01-01;78.6;68.0;81.0;59.1;89.0;81.8;82.7;417.73;83.1;147.4;85.0
2018-02-01;73.6;59.1;76.0;65.7;84.7;82.3;77.5;410.84;83.9;150.0;85.2
2018-03-01;88.4;64.2;91.9;91.8;97.4;97.8;94.1;410.59;86.3;151.51;84.3
2018-04-01;81.6;65.3;81.1;85.7;97.8;86.3;82.5;409.8;88.1;153.72;95.4
2018-05-01;85.3;69.9;85.2;94.6;98.0;77.7;87.1;409.95;85.8;160.05;82.1
2018-06-01;83.8;63.9;83.5;90.6;102.2;86.5;85.3;413.73;83.1;155.35;84.1
2018-07-01;84.6;68.5;84.4;90.8;97.9;92.7;86.2;406.43;84.9;154.05;85.0
2018-08-01;89.0;70.7;86.8;92.6;107.3;103.2;88.5;395.7;85.7;153.78;82.3
2018-09-01;83.2;69.7;84.4;78.9;97.0;92.9;86.1;395.64;86.8;153.67;83.5
2018-10-01;89.9;72.5;87.5;100.5;108.3;96.9;89.2;419.69;88.0;153.67;82.1
2018-11-01;94.8;68.3;87.6;114.1;130.2;101.2;89.3;408.55;87.5;154.88;81.2
2018-12-01;109.7;72.8;110.3;123.1;121.2;87.1;113.5;403.79;86.0;153.59;83.2
2019-01-01;86.2;73.2;90.0;70.3;91.7;97.5;92.1;423.96;82.7;154.6;84.2
2019-02-01;83.0;67.6;84.7;79.8;92.2;86.3;86.6;449.54;74.7;152.99;82.8
2019-03-01;90.6;72.3;92.1;88.1;109.1;83.7;94.5;475.84;76.6;152.88;84.3
2019-04-01;87.7;70.8;87.5;91.2;99.5;91.3;89.6;498.54;72.6;151.41;85.2
2019-05-01;91.0;73.0;88.2;105.5;110.9;99.2;89.6;484.84;71.3;152.62;86.5
2019-06-01;83.5;67.4;81.0;91.2;96.0;92.3;81.8;485.34;72.4;152.26;85.8
2019-07-01;88.2;68.6;87.0;101.4;95.7;100.6;88.4;466.93;72.7;150.9;86.3
2019-08-01;89.0;69.8;90.1;95.7;92.1;103.1;92.0;441.5;71.5;150.78;87.8
2019-09-01;86.2;68.0;84.2;89.5;102.6;98.2;85.8;429.06;74.3;151.91;84.8
2019-10-01;94.5;73.4;90.0;112.0;108.8;114.7;92.0;428.25;68.6;150.36;87.9
2019-11-01;100.3;67.0;94.2;117.2;135.5;106.6;96.7;462.06;65.1;149.17;84.3
2019-12-01;111.3;72.5;106.2;134.1;133.0;99.0;110.1;499.23;65.1;148.45;82.5
2020-01-01;90.7;67.4;89.2;84.4;114.8;108.0;92.3;492.2;66.0;148.43;81.9
2020-02-01;87.8;64.8;91.0;85.7;100.4;91.5;94.4;480.03;70.9;149.95;80.8
2020-03-01;86.9;57.4;100.3;62.2;79.5;85.1;104.7;504.78;66.6;145.04;78.8
2020-04-01;72.0;43.8;96.1;16.0;58.7;48.8;100.7;537.89;55.5;135.22;75.3
2020-05-01;84.4;48.1;97.4;38.6;115.6;70.9;102.0;536.73;49.6;135.49;76.2
