Data;1471;1486;1499;1525;1551;7492;13003;13004;14006;14033
07/1989;-;-;-;-;-;-;25,01 ;23,23 ;-;- 
08/1989;-;-;-;-;-;-;33,87 ;33,76 ;-;- 
09/1989;-;-;-;-;-;-;35,93 ;34,33 ;-;- 
10/1989;-;-;-;-;-;-;40,23 ;38,58 ;-;- 
11/1989;-;-;-;-;-;-;49,00 ;47,47 ;-;- 
12/1989;-;-;-;-;-;-;51,19 ;51,16 ;-;- 
01/1990;-;-;-;-;-;-;67,61 ;67,08 ;-;- 
02/1990;-;-;-;-;-;-;81,05 ;76,13 ;-;- 
03/1990;-;-;-;-;-;-;80,62 ;80,37 ;-;- 
04/1990;-;-;-;-;-;-;15,06 ;14,50 ;-;- 
05/1990;-;-;-;-;-;-;8,76 ;8,39 ;-;- 
06/1990;-;-;-;-;-;-;9,82 ;11,35 ;-;- 
07/1990;-;-;-;-;-;-;10,62 ;10,85 ;-;- 
08/1990;-;-;-;-;-;-;12,38 ;10,61 ;-;- 
09/1990;-;-;-;-;-;-;13,95 ;13,72 ;-;- 
10/1990;-;-;-;-;-;-;14,19 ;13,77 ;-;- 
11/1990;-;-;-;-;-;-;18,91 ;16,71 ;-;- 
12/1990;-;-;-;-;-;-;17,15 ;17,58 ;-;- 
01/1991;-;-;-;-;-;-;20,07 ;19,86 ;-;- 
02/1991;-;-;-;-;-;-;19,24 ;20,41 ;-;- 
03/1991;-;-;-;-;-;-;11,34 ;8,69 ;-;- 
04/1991;-;-;-;-;-;-;5,93 ;5,41 ;-;- 
05/1991;-;-;-;-;-;-;6,52 ;5,77 ;-;- 
06/1991;-;-;-;-;-;-;9,81 ;10,88 ;-;- 
07/1991;-;-;-;-;-;-;13,22 ;12,39 ;-;- 
09/1991;-;-;-;-;-;-;15,59 ;16,46 ;-;- 
10/1991;-;-;-;-;-;-;20,83 ;21,18 ;-;- 
11/1991;-;-;-;-;-;-;27,52 ;29,30 ;-;- 
12/1991;-;-;-;-;-;-;25,47 ;25,24 ;-;- 
01/1992;-;-;-;-;-;-;26,10 ;26,03 ;-;- 
02/1992;-;-;-;-;-;-;26,77 ;25,77 ;-;- 
03/1992;-;-;-;-;-;-;19,79 ;20,21 ;-;- 
04/1992;-;-;-;-;-;-;20,53 ;21,79 ;-;- 
05/1992;-;-;-;-;-;-;23,55 ;22,08 ;-;- 
06/1992;-;-;-;-;-;-;20,21 ;20,85 ;-;- 
07/1992;-;-;-;-;-;-;21,83 ;22,08 ;-;- 
08/1992;-;-;-;-;-;-;22,04 ;22,22 ;-;- 
09/1992;-;-;-;-;-;-;21,11 ;21,83 ;-;- 
10/1992;-;-;-;-;-;-;25,87 ;27,14 ;-;- 
11/1992;-;-;-;-;-;-;23,32 ;23,91 ;-;- 
12/1992;-;-;-;-;-;-;25,83 ;26,03 ;-;- 
01/1993;-;-;-;-;-;-;29,71 ;28,92 ;-;- 
02/1993;-;-;-;-;-;-;25,44 ;26,15 ;-;- 
03/1993;-;-;-;-;-;-;27,77 ;27,81 ;-;- 
04/1993;-;-;-;-;-;-;26,94 ;26,76 ;-;- 
05/1993;-;-;-;-;-;-;27,69 ;26,78 ;-;- 
06/1993;-;-;-;-;-;-;30,07 ;30,37 ;-;- 
07/1993;-;-;-;-;-;-;29,92 ;31,39 ;-;- 
08/1993;-;-;-;-;-;-;33,25 ;33,16 ;-;- 
09/1993;-;-;-;-;-;-;34,20 ;35,36 ;-;- 
10/1993;-;-;-;-;-;-;33,09 ;33,49 ;-;- 
11/1993;-;-;-;-;-;-;36,61 ;37,45 ;-;- 
12/1993;-;-;-;-;-;-;34,62 ;35,44 ;-;- 
01/1994;-;-;-;-;-;-;42,17 ;42,33 ;-;- 
02/1994;-;-;-;-;-;-;42,90 ;44,08 ;-;- 
03/1994;-;-;-;-;-;-;42,83 ;43,94 ;-;- 
04/1994;-;-;-;-;-;-;40,18 ;40,16 ;-;- 
05/1994;-;-;-;-;-;-;40,90 ;39,84 ;-;- 
06/1994;-;-;-;-;-;-;49,01 ;49,31 ;-;- 
07/1994;-;-;-;-;-;-;8,24 ;9,19 ;-;- 
08/1994;-;-;-;-;-;-;1,64 ;1,36 ;-;- 
09/1994;-;-;-;-;-;-;1,07 ;0,68 ;-;- 
10/1994;-;-;-;-;-;-;3,29 ;3,30 ;-;- 
11/1994;-;-;-;-;-;-;1,74 ;1,81 ;-;- 
12/1994;-;-;-;-;-;-;2,38 ;2,11 ;-;- 
01/1995;-;-;-;-;-;-;1,59 ;1,22 ;-;- 
02/1995;-;-;-;-;-;-;0,71 ;0,86 ;-;- 
03/1995;-;-;-;-;-;-;1,07 ;1,21 ;-;- 
04/1995;-;-;-;-;-;-;1,84 ;2,08 ;-;- 
05/1995;-;-;-;-;-;-;2,63 ;2,21 ;-;- 
06/1995;-;-;-;-;-;-;3,04 ;3,63 ;-;- 
07/1995;-;-;-;-;-;-;2,69 ;2,64 ;-;- 
08/1995;-;-;-;-;-;-;1,14 ;0,75 ;-;- 
09/1995;-;-;-;-;-;-;0,71 ;0,56 ;-;- 
10/1995;-;-;-;-;-;-;1,02 ;0,93 ;-;- 
11/1995;-;-;-;-;-;-;1,56 ;1,29 ;-;- 
12/1995;-;-;-;-;-;-;1,13 ;1,18 ;-;- 
01/1996;-;-;-;-;-;-;1,18 ;1,24 ;-;- 
02/1996;-;-;-;-;-;-;1,58 ;1,12 ;-;- 
03/1996;-;-;-;-;-;-;-0,05 ;0,03 ;-;- 
04/1996;-;-;-;-;-;-;0,67 ;0,36 ;-;- 
05/1996;-;-;-;-;-;-;1,09 ;1,02 ;-;- 
06/1996;-;-;-;-;-;-;0,74 ;1,21 ;-;- 
07/1996;-;-;-;-;-;-;1,34 ;1,58 ;-;- 
08/1996;-;-;-;-;-;-;0,27 ;0,18 ;-;- 
09/1996;-;-;-;-;-;-;-0,24 ;-0,49 ;-;- 
10/1996;-;-;-;-;-;-;0,12 ;0,17 ;-;- 
11/1996;-;-;-;-;-;-;0,36 ;0,31 ;-;- 
12/1996;-;-;-;-;-;-;0,24 ;0,03 ;-;- 
01/1997;-;-;-;-;-;-;1,10 ;0,89 ;-;- 
02/1997;-;-;-;-;-;-;0,44 ;0,21 ;-;- 
03/1997;-;-;-;-;-;-;0,33 ;0,42 ;-;- 
04/1997;-;-;-;-;-;-;0,48 ;0,24 ;-;- 
05/1997;-;-;-;-;-;-;0,37 ;0,07 ;-;- 
06/1997;-;-;-;-;-;-;-0,19 ;-0,28 ;-;- 
07/1997;-;-;-;-;-;-;0,34 ;0,39 ;-;- 
08/1997;-;-;-;-;-;-;0,17 ;0,29 ;-;- 
09/1997;-;-;-;-;-;-;-0,11 ;-0,21 ;-;- 
10/1997;-;-;-;-;-;-;-0,01 ;-0,04 ;-;- 
11/1997;-;-;-;-;-;-;0,30 ;0,18 ;-;- 
12/1997;-;-;-;-;-;-;0,31 ;0,25 ;-;- 
01/1998;-;-;-;-;-;73,01 ;0,43 ;0,66 ;-;- 
02/1998;-;-;-;-;-;76,38 ;0,62 ;0,65 ;-;- 
03/1998;-;-;-;-;-;78,01 ;0,21 ;0,35 ;-;- 
04/1998;-;-;-;-;-;82,44 ;0,34 ;0,54 ;-;- 
05/1998;-;-;-;-;-;91,47 ;1,24 ;1,74 ;-;- 
06/1998;-;-;-;-;-;89,65 ;0,55 ;0,75 ;-;- 
07/1998;-;-;-;-;-;86,86 ;-0,05 ;-0,38 ;-;- 
08/1998;-;-;-;-;-;79,51 ;-0,67 ;-0,96 ;-;- 
09/1998;-;-;-;-;-;77,81 ;-0,75 ;-0,75 ;-;- 
10/1998;-;-;-;-;-;76,70 ;0,34 ;0,47 ;-;- 
11/1998;-;-;-;-;-;76,75 ;-0,19 ;-0,25 ;-;- 
12/1998;-;-;-;-;-;77,84 ;-0,18 ;-0,22 ;-;- 
01/1999;-;-;-;-;-;81,94 ;0,69 ;0,72 ;-;- 
02/1999;-;-;-;-;-;82,92 ;0,86 ;0,78 ;-;- 
03/1999;-;-;-;-;-;83,04 ;1,16 ;1,54 ;-;- 
04/1999;-;-;-;-;-;79,63 ;0,65 ;0,39 ;-;- 
05/1999;-;-;-;-;-;82,15 ;0,19 ;0,04 ;-;- 
06/1999;-;-;-;-;-;83,01 ;0,05 ;-0,10 ;-;- 
07/1999;-;-;-;-;-;81,75 ;1,03 ;0,53 ;-;- 
08/1999;-;-;-;-;-;84,81 ;0,44 ;0,35 ;-;- 
09/1999;-;-;-;-;-;82,06 ;0,12 ;0,30 ;-;- 
10/1999;-;-;-;-;-;81,06 ;1,13 ;1,02 ;-;- 
11/1999;-;-;-;-;-;81,54 ;0,72 ;0,65 ;-;- 
12/1999;-;-;-;-;-;81,89 ;0,95 ;0,89 ;-;- 
01/2000;44,80 ;82,10 ;61,80 ;16,50 ;28,60 ;84,95 ;0,46 ;0,62 ;-;- 
02/2000;44,70 ;78,60 ;60,40 ;16,30 ;35,90 ;89,29 ;0,26 ;0,05 ;-;- 
03/2000;45,40 ;77,70 ;63,60 ;16,30 ;32,50 ;88,96 ;-0,11 ;-0,44 ;-;- 
04/2000;45,40 ;77,70 ;63,20 ;15,00 ;32,70 ;87,23 ;0,29 ;0,03 ;-;- 
05/2000;46,60 ;77,30 ;61,80 ;19,10 ;36,80 ;81,70 ;0,07 ;-0,07 ;-;- 
06/2000;48,20 ;78,30 ;62,80 ;17,90 ;33,70 ;80,36 ;0,43 ;0,45 ;-;- 
07/2000;46,90 ;85,00 ;62,30 ;18,30 ;36,80 ;80,31 ;1,01 ;0,89 ;-;- 
08/2000;47,70 ;82,00 ;62,20 ;18,90 ;36,20 ;83,07 ;1,47 ;1,39 ;-;- 
09/2000;46,30 ;80,40 ;62,20 ;17,40 ;33,60 ;85,48 ;0,19 ;0,38 ;-;- 
10/2000;47,90 ;84,80 ;63,60 ;17,80 ;37,40 ;87,59 ;0,07 ;0,02 ;-;- 
11/2000;47,10 ;73,30 ;63,50 ;19,70 ;35,90 ;88,74 ;0,24 ;0,33 ;-;- 
12/2000;65,20 ;80,00 ;86,00 ;30,80 ;39,20 ;86,71 ;0,45 ;0,38 ;-;- 
01/2001;46,70 ;82,00 ;63,60 ;17,30 ;36,80 ;90,72 ;1,07 ;1,58 ;-;- 
02/2001;43,40 ;74,80 ;60,40 ;14,80 ;34,90 ;89,08 ;0,58 ;0,54 ;-;- 
03/2001;49,20 ;80,80 ;67,10 ;17,90 ;46,90 ;89,11 ;0,30 ;0,35 ;-;- 
04/2001;46,40 ;81,20 ;63,10 ;16,30 ;36,30 ;89,92 ;0,75 ;0,81 ;-;- 
05/2001;48,10 ;85,00 ;61,60 ;17,90 ;39,70 ;93,72 ;0,96 ;1,07 ;-;- 
06/2001;47,90 ;80,00 ;60,90 ;15,40 ;34,40 ;94,58 ;0,36 ;0,28 ;-;- 
07/2001;44,20 ;81,70 ;59,10 ;13,90 ;31,50 ;93,73 ;1,13 ;0,90 ;-;- 
08/2001;46,80 ;85,70 ;58,70 ;15,60 ;34,40 ;93,08 ;1,14 ;1,14 ;-;- 
09/2001;44,10 ;84,00 ;56,40 ;14,10 ;28,10 ;90,89 ;0,93 ;1,30 ;-;- 
10/2001;46,70 ;88,20 ;59,10 ;15,50 ;30,70 ;89,62 ;0,94 ;0,92 ;-;- 
11/2001;46,90 ;90,00 ;58,30 ;16,10 ;32,00 ;92,13 ;0,90 ;1,18 ;-;- 
12/2001;63,00 ;92,10 ;78,10 ;26,60 ;32,40 ;96,57 ;0,87 ;0,94 ;-;- 
01/2002;46,90 ;93,70 ;59,10 ;16,00 ;28,80 ;100,46 ;0,88 ;1,23 ;-;- 
02/2002;44,80 ;91,90 ;56,00 ;12,90 ;25,10 ;100,22 ;0,14 ;0,07 ;-;- 
03/2002;48,10 ;89,00 ;62,10 ;16,00 ;32,20 ;103,25 ;0,58 ;0,43 ;-;- 
04/2002;45,40 ;94,00 ;55,00 ;14,80 ;35,80 ;103,09 ;0,87 ;0,73 ;-;- 
05/2002;47,50 ;84,60 ;58,60 ;17,80 ;30,20 ;99,33 ;0,14 ;0,20 ;-;- 
06/2002;45,80 ;81,80 ;55,90 ;15,90 ;25,40 ;102,27 ;0,87 ;1,10 ;-;- 
07/2002;45,60 ;86,30 ;57,30 ;17,00 ;32,80 ;103,92 ;1,52 ;1,09 ;-;- 
08/2002;48,40 ;95,30 ;58,80 ;17,20 ;30,50 ;108,69 ;0,62 ;0,97 ;-;- 
09/2002;43,80 ;87,40 ;53,90 ;14,80 ;32,00 ;109,98 ;0,94 ;1,15 ;-;- 
10/2002;47,20 ;87,40 ;59,60 ;16,30 ;31,40 ;111,95 ;1,19 ;1,12 ;-;- 
11/2002;45,10 ;77,60 ;57,10 ;16,40 ;27,90 ;117,25 ;3,21 ;3,24 ;-;- 
12/2002;58,20 ;84,70 ;70,30 ;25,20 ;34,00 ;126,99 ;2,37 ;2,84 ;-;- 
01/2003;43,00 ;81,70 ;54,40 ;14,70 ;30,60 ;132,43 ;2,74 ;3,07 ;-;- 
02/2003;40,70 ;74,30 ;51,70 ;12,80 ;28,70 ;134,40 ;1,61 ;1,88 ;-;- 
03/2003;41,10 ;80,70 ;51,40 ;13,80 ;28,70 ;140,27 ;1,19 ;1,19 ;-;- 
04/2003;43,00 ;83,90 ;54,60 ;14,70 ;32,10 ;147,14 ;0,75 ;0,99 ;-;- 
05/2003;44,50 ;89,10 ;53,60 ;16,10 ;33,00 ;142,66 ;0,93 ;1,13 ;-;- 
06/2003;42,30 ;80,80 ;49,30 ;13,80 ;29,60 ;140,17 ;0,36 ;0,35 ;-;- 
07/2003;43,40 ;89,00 ;50,50 ;15,40 ;38,50 ;137,28 ;0,34 ;0,19 ;-;- 
08/2003;43,80 ;84,10 ;51,90 ;15,50 ;36,00 ;132,30 ;0,07 ;-0,13 ;-;- 
09/2003;42,30 ;83,60 ;50,40 ;15,90 ;36,80 ;133,70 ;1,37 ;1,82 ;-;- 
10/2003;45,40 ;89,20 ;54,00 ;16,60 ;37,90 ;129,26 ;0,19 ;0,29 ;-;- 
11/2003;44,10 ;81,30 ;52,80 ;17,90 ;36,90 ;134,43 ;0,44 ;0,39 ;-;- 
12/2003;61,40 ;87,70 ;73,20 ;30,80 ;41,20 ;130,48 ;0,14 ;0,19 ;-;- 
01/2004;43,10 ;77,20 ;52,40 ;19,30 ;35,60 ;143,58 ;0,82 ;1,06 ;4.599 ;8.687 
02/2004;41,20 ;74,30 ;50,90 ;16,40 ;33,70 ;143,32 ;0,36 ;0,22 ;4.691 ;8.793 
03/2004;46,50 ;84,00 ;55,90 ;21,00 ;42,10 ;138,06 ;0,67 ;0,56 ;4.797 ;9.031 
04/2004;45,70 ;82,40 ;55,90 ;19,30 ;37,50 ;137,25 ;0,11 ;0,04 ;4.885 ;9.351 
05/2004;48,10 ;88,10 ;57,00 ;22,30 ;43,00 ;138,59 ;0,18 ;0,08 ;4.997 ;9.748 
06/2004;47,70 ;86,50 ;55,00 ;21,00 ;40,60 ;136,09 ;0,38 ;0,13 ;5.113 ;10.101 
07/2004;47,30 ;83,50 ;58,30 ;21,90 ;45,10 ;135,99 ;1,11 ;0,79 ;5.240 ;10.004 
08/2004;46,70 ;81,80 ;56,80 ;22,00 ;44,40 ;140,48 ;0,26 ;0,04 ;5.247 ;10.069 
09/2004;45,20 ;79,40 ;56,90 ;19,30 ;45,10 ;132,58 ;0,25 ;0,03 ;5.368 ;10.312 
10/2004;49,70 ;88,30 ;60,20 ;24,00 ;42,10 ;125,49 ;0,19 ;-0,15 ;5.577 ;9.899 
11/2004;49,20 ;85,80 ;56,70 ;28,00 ;45,10 ;123,65 ;0,62 ;0,46 ;5.670 ;9.985 
12/2004;68,70 ;91,00 ;77,50 ;47,90 ;53,10 ;125,84 ;0,59 ;0,56 ;5.963 ;10.143 
01/2005;48,60 ;83,00 ;57,40 ;28,00 ;46,30 ;127,85 ;0,37 ;0,39 ;6.205 ;10.128 
02/2005;43,70 ;60,50 ;56,10 ;24,30 ;35,30 ;133,74 ;0,79 ;0,70 ;6.346 ;10.157 
03/2005;49,70 ;67,00 ;64,60 ;28,50 ;44,20 ;132,60 ;-0,15 ;-0,03 ;6.468 ;9.976 
04/2005;48,80 ;71,80 ;60,90 ;27,90 ;44,70 ;131,57 ;0,22 ;0,31 ;6.704 ;10.016 
05/2005;50,40 ;70,80 ;61,10 ;31,20 ;44,80 ;140,40 ;1,11 ;1,15 ;6.828 ;10.114 
06/2005;50,90 ;69,00 ;60,50 ;29,70 ;42,70 ;136,95 ;0,32 ;0,16 ;6.945 ;10.026 
07/2005;51,00 ;73,00 ;63,30 ;31,70 ;45,50 ;134,23 ;0,20 ;0,15 ;7.136 ;10.321 
08/2005;52,50 ;77,30 ;60,50 ;35,20 ;52,40 ;133,57 ;0,19 ;0,04 ;7.238 ;10.757 
09/2005;49,70 ;74,50 ;59,00 ;31,10 ;45,40 ;128,20 ;0,30 ;-0,01 ;7.295 ;10.935 
10/2005;51,30 ;73,80 ;60,60 ;33,50 ;45,80 ;124,39 ;1,26 ;1,49 ;7.476 ;10.849 
11/2005;50,90 ;72,20 ;58,90 ;34,30 ;50,00 ;134,59 ;0,67 ;0,85 ;7.677 ;10.929 
12/2005;72,40 ;76,20 ;79,40 ;59,00 ;58,90 ;136,20 ;0,36 ;0,30 ;7.912 ;11.167 
01/2006;51,00 ;71,10 ;59,70 ;37,60 ;48,90 ;128,51 ;0,57 ;0,28 ;8.155 ;10.974 
02/2006;49,20 ;67,30 ;65,30 ;26,90 ;44,10 ;128,12 ;0,44 ;0,22 ;8.368 ;11.066 
03/2006;55,40 ;69,70 ;71,10 ;38,10 ;61,60 ;134,03 ;0,55 ;0,55 ;8.490 ;11.699 
04/2006;53,80 ;66,30 ;73,00 ;32,50 ;45,50 ;139,82 ;0,19 ;0,15 ;8.685 ;11.995 
05/2006;55,40 ;69,40 ;68,20 ;41,00 ;58,10 ;147,07 ;0,50 ;0,48 ;8.874 ;12.125 
06/2006;54,00 ;66,50 ;67,10 ;33,80 ;50,10 ;140,87 ;-0,03 ;-0,02 ;9.194 ;12.272 
07/2006;55,00 ;71,20 ;71,30 ;35,70 ;60,20 ;135,07 ;-0,21 ;-0,25 ;9.392 ;12.482 
08/2006;56,60 ;74,30 ;70,00 ;38,60 ;62,20 ;133,75 ;-0,02 ;-0,08 ;9.582 ;12.872 
09/2006;55,20 ;70,30 ;69,90 ;38,60 ;54,20 ;135,16 ;0,20 ;0,05 ;9.797 ;12.858 
10/2006;56,00 ;74,20 ;69,60 ;38,70 ;56,10 ;134,52 ;0,50 ;0,66 ;9.946 ;12.742 
11/2006;57,80 ;75,10 ;69,20 ;42,90 ;61,40 ;140,48 ;0,30 ;0,39 ;10.256 ;13.021 
12/2006;80,20 ;79,40 ;93,00 ;63,80 ;62,20 ;134,81 ;0,15 ;0,10 ;10.484 ;13.495 
01/2007;58,50 ;73,70 ;71,50 ;44,30 ;55,60 ;137,24 ;0,71 ;0,84 ;10.776 ;13.255 
02/2007;53,90 ;64,70 ;71,80 ;35,10 ;48,30 ;143,23 ;1,18 ;1,53 ;11.035 ;13.306 
03/2007;60,70 ;72,30 ;75,90 ;43,70 ;70,50 ;149,58 ;0,35 ;0,48 ;11.331 ;13.689 
04/2007;56,40 ;69,60 ;74,00 ;34,80 ;63,50 ;150,36 ;0,26 ;0,27 ;11.303 ;13.592 
05/2007;61,60 ;74,30 ;72,10 ;48,40 ;69,60 ;135,71 ;0,36 ;0,28 ;11.705 ;13.635 
06/2007;62,30 ;77,50 ;72,60 ;42,10 ;65,10 ;137,05 ;0,08 ;0,12 ;12.057 ;13.615 
07/2007;58,40 ;75,20 ;71,20 ;42,30 ;68,30 ;137,88 ;0,58 ;0,52 ;12.317 ;13.715 
08/2007;62,90 ;82,20 ;72,40 ;48,40 ;76,10 ;146,93 ;0,60 ;0,71 ;12.641 ;14.098 
09/2007;60,30 ;78,10 ;72,40 ;44,20 ;68,70 ;148,06 ;0,03 ;0,11 ;12.998 ;14.474 
10/2007;62,60 ;80,00 ;73,00 ;46,10 ;76,50 ;151,66 ;0,46 ;0,37 ;13.249 ;14.858 
11/2007;62,90 ;77,00 ;72,30 ;48,40 ;71,80 ;158,20 ;0,28 ;0,33 ;13.650 ;15.143 
12/2007;87,30 ;82,00 ;95,00 ;76,00 ;69,80 ;158,71 ;1,04 ;1,35 ;14.113 ;15.894 
01/2008;64,40 ;81,10 ;73,60 ;52,10 ;71,60 ;173,01 ;0,66 ;0,77 ;14.501 ;16.133 
02/2008;58,20 ;75,90 ;67,70 ;45,50 ;65,10 ;167,77 ;0,47 ;0,45 ;14.864 ;16.229 
03/2008;65,90 ;84,90 ;77,30 ;52,00 ;74,50 ;171,37 ;0,58 ;0,79 ;15.040 ;16.651 
04/2008;61,10 ;76,70 ;71,20 ;47,90 ;78,60 ;176,66 ;0,75 ;0,49 ;15.406 ;17.029 
05/2008;67,20 ;82,50 ;76,00 ;55,60 ;79,00 ;176,05 ;0,37 ;0,55 ;15.931 ;17.401 
06/2008;64,00 ;82,00 ;68,90 ;48,40 ;74,20 ;185,53 ;0,86 ;1,10 ;16.345 ;17.927 
07/2008;64,30 ;83,70 ;71,70 ;52,50 ;85,90 ;195,65 ;0,40 ;0,57 ;16.749 ;18.215 
08/2008;67,60 ;84,90 ;76,10 ;55,70 ;79,60 ;187,28 ;0,01 ;-0,14 ;17.188 ;18.284 
09/2008;65,80 ;86,90 ;73,00 ;54,80 ;81,50 ;174,25 ;-0,03 ;-0,18 ;17.458 ;19.453 
10/2008;69,40 ;91,40 ;79,10 ;53,10 ;70,30 ;182,61 ;0,35 ;0,62 ;18.011 ;20.054 
11/2008;67,70 ;89,70 ;76,90 ;51,90 ;62,20 ;186,36 ;0,22 ;0,42 ;18.304 ;21.107 
12/2008;90,70 ;89,60 ;101,00 ;74,70 ;73,90 ;193,06 ;0,40 ;0,28 ;18.414 ;22.159 
01/2009;66,10 ;81,60 ;77,30 ;50,20 ;69,60 ;201,71 ;0,91 ;1,28 ;18.635 ;21.566 
02/2009;60,40 ;74,20 ;73,40 ;41,70 ;68,10 ;197,08 ;0,47 ;0,19 ;18.838 ;21.762 
03/2009;66,60 ;81,20 ;76,90 ;51,70 ;89,60 ;193,41 ;0,02 ;0,06 ;18.777 ;22.637 
04/2009;65,50 ;78,70 ;81,40 ;44,30 ;71,90 ;191,17 ;0,04 ;-0,08 ;19.077 ;22.524 
05/2009;71,20 ;90,30 ;79,90 ;56,20 ;83,70 ;198,63 ;0,71 ;1,00 ;19.405 ;22.210 
06/2009;68,70 ;82,20 ;76,60 ;53,30 ;92,70 ;199,01 ;0,55 ;0,38 ;19.791 ;22.877 
07/2009;69,80 ;85,20 ;81,30 ;55,00 ;82,20 ;195,70 ;-0,02 ;-0,12 ;20.172 ;22.780 
08/2009;71,70 ;87,80 ;82,20 ;56,10 ;82,30 ;191,12 ;0,14 ;0,24 ;20.474 ;23.214 
09/2009;70,50 ;85,80 ;80,50 ;57,90 ;102,40 ;195,68 ;0,46 ;0,21 ;20.822 ;23.637 
10/2009;76,50 ;90,20 ;87,60 ;61,30 ;79,10 ;197,63 ;0,10 ;0,18 ;21.255 ;23.200 
11/2009;73,30 ;90,90 ;80,40 ;62,00 ;77,90 ;200,45 ;0,19 ;0,38 ;21.939 ;23.461 
12/2009;102,10 ;93,40 ;111,90 ;90,40 ;86,20 ;183,15 ;0,34 ;0,28 ;22.221 ;23.906 
01/2010;74,70 ;86,40 ;85,10 ;64,90 ;80,10 ;185,77 ;0,77 ;0,59 ;23.162 ;23.995 
02/2010;68,30 ;76,30 ;82,30 ;53,80 ;77,30 ;198,24 ;1,08 ;0,93 ;23.060 ;23.478 
03/2010;78,80 ;90,20 ;91,10 ;67,50 ;122,50 ;208,71 ;0,62 ;0,65 ;23.163 ;24.273 
04/2010;71,50 ;85,90 ;82,90 ;56,70 ;78,80 ;220,00 ;0,63 ;0,89 ;23.659 ;24.736 
05/2010;77,10 ;89,40 ;85,40 ;69,90 ;88,50 ;216,18 ;0,80 ;0,98 ;24.135 ;25.625 
06/2010;74,50 ;86,40 ;83,10 ;58,80 ;84,90 ;207,85 ;-0,04 ;-0,16 ;24.686 ;26.232 
07/2010;75,60 ;90,20 ;86,80 ;60,80 ;96,70 ;202,82 ;-0,15 ;-0,39 ;24.993 ;25.963 
08/2010;76,70 ;90,80 ;85,50 ;63,70 ;97,10 ;192,69 ;-0,20 ;-0,28 ;25.201 ;26.607 
09/2010;76,80 ;97,70 ;85,40 ;63,00 ;95,30 ;199,77 ;0,19 ;0,45 ;25.925 ;27.056 
10/2010;82,30 ;96,90 ;90,20 ;73,00 ;95,50 ;205,18 ;0,87 ;1,01 ;26.485 ;27.540 
11/2010;82,50 ;90,90 ;85,70 ;85,20 ;105,00 ;210,64 ;1,05 ;1,06 ;27.038 ;28.377 
12/2010;112,30 ;95,50 ;113,60 ;119,20 ;111,70 ;201,70 ;0,40 ;0,39 ;27.726 ;28.926 
01/2011;80,50 ;91,40 ;83,40 ;82,10 ;91,10 ;209,49 ;0,95 ;1,14 ;28.431 ;29.406 
02/2011;76,10 ;87,60 ;80,20 ;73,50 ;95,90 ;210,44 ;0,69 ;0,50 ;28.802 ;30.188 
03/2011;80,90 ;91,10 ;89,00 ;78,40 ;94,40 ;220,75 ;0,33 ;0,27 ;29.060 ;30.568 
04/2011;80,10 ;90,50 ;91,30 ;69,60 ;88,70 ;203,38 ;0,63 ;0,58 ;29.585 ;31.472 
05/2011;82,90 ;95,20 ;86,40 ;82,80 ;103,10 ;202,40 ;0,60 ;0,79 ;30.089 ;32.428 
06/2011;82,30 ;96,70 ;86,20 ;72,30 ;87,20 ;204,69 ;0,00 ;0,14 ;30.770 ;33.085 
07/2011;83,80 ;97,90 ;90,30 ;79,60 ;95,70 ;206,58 ;0,35 ;-0,10 ;31.443 ;33.567 
08/2011;84,50 ;99,90 ;89,60 ;79,60 ;96,20 ;209,35 ;0,36 ;0,36 ;31.859 ;34.854 
09/2011;81,00 ;94,20 ;87,10 ;76,40 ;90,70 ;208,07 ;0,72 ;0,67 ;32.769 ;35.705 
10/2011;84,20 ;102,70 ;90,60 ;75,10 ;84,50 ;205,12 ;0,00 ;-0,04 ;33.283 ;35.767 
11/2011;85,30 ;99,20 ;88,40 ;85,20 ;92,30 ;205,11 ;0,71 ;0,71 ;33.999 ;36.008 
12/2011;117,10 ;100,40 ;114,90 ;129,10 ;106,60 ;208,82 ;0,98 ;0,83 ;34.816 ;38.523 
01/2012;86,70 ;98,30 ;91,10 ;92,50 ;99,20 ;214,21 ;0,34 ;0,26 ;35.065 ;37.420 
02/2012;82,90 ;97,60 ;90,80 ;84,80 ;88,20 ;204,53 ;0,39 ;0,46 ;35.365 ;37.084 
03/2012;92,00 ;104,20 ;97,80 ;94,40 ;108,20 ;211,90 ;0,30 ;0,14 ;35.944 ;37.898 
04/2012;86,70 ;109,90 ;93,70 ;73,40 ;91,90 ;217,92 ;0,38 ;0,32 ;36.597 ;38.204 
05/2012;90,80 ;106,10 ;91,40 ;93,20 ;101,70 ;228,25 ;0,72 ;0,84 ;37.352 ;38.605 
06/2012;93,60 ;108,00 ;93,00 ;84,00 ;120,70 ;213,20 ;0,18 ;0,82 ;38.126 ;38.920 
07/2012;91,90 ;108,00 ;91,20 ;85,70 ;113,60 ;218,78 ;0,56 ;0,69 ;38.567 ;39.438 
08/2012;93,60 ;107,00 ;90,40 ;93,60 ;138,10 ;225,23 ;0,32 ;0,29 ;39.279 ;39.874 
09/2012;89,90 ;102,20 ;95,10 ;81,90 ;86,40 ;217,71 ;0,56 ;0,68 ;39.453 ;39.894 
10/2012;93,80 ;97,00 ;98,20 ;89,00 ;117,10 ;223,00 ;0,87 ;0,81 ;40.279 ;40.134 
11/2012;92,60 ;90,60 ;97,40 ;91,40 ;105,30 ;220,49 ;0,66 ;0,55 ;41.216 ;41.802 
12/2012;122,90 ;92,50 ;122,80 ;129,20 ;128,00 ;227,12 ;0,76 ;0,71 ;42.284 ;43.053 
01/2013;91,20 ;89,00 ;95,40 ;102,70 ;108,20 ;267,65 ;0,85 ;0,76 ;42.737 ;42.381 
02/2013;78,90 ;75,80 ;87,30 ;82,30 ;87,90 ;270,04 ;0,67 ;0,68 ;42.960 ;43.253 
03/2013;91,30 ;90,60 ;99,00 ;92,40 ;107,40 ;281,05 ;0,51 ;0,66 ;43.588 ;43.751 
04/2013;87,60 ;94,80 ;88,30 ;88,20 ;102,50 ;268,05 ;0,41 ;0,34 ;44.323 ;44.138 
05/2013;94,70 ;91,70 ;93,00 ;102,40 ;111,80 ;257,98 ;0,24 ;0,23 ;45.232 ;45.623 
06/2013;91,90 ;87,60 ;90,90 ;87,30 ;101,50 ;260,20 ;0,39 ;0,32 ;45.992 ;46.258 
07/2013;94,10 ;93,70 ;94,30 ;99,20 ;113,10 ;259,73 ;-0,19 ;-0,19 ;46.575 ;45.977 
08/2013;98,60 ;97,60 ;99,70 ;103,20 ;111,40 ;257,54 ;0,14 ;0,08 ;47.338 ;46.524 
09/2013;92,50 ;95,20 ;94,60 ;94,60 ;98,80 ;256,16 ;0,03 ;-0,06 ;47.900 ;47.102 
10/2013;98,10 ;102,30 ;99,90 ;102,60 ;108,30 ;256,78 ;0,14 ;0,38 ;48.421 ;47.006 
11/2013;100,10 ;98,00 ;102,50 ;108,30 ;104,50 ;259,93 ;0,39 ;0,35 ;49.188 ;48.539 
12/2013;128,30 ;101,90 ;122,40 ;139,60 ;120,00 ;265,13 ;1,34 ;1,05 ;50.469 ;50.914 
01/2014;99,90 ;104,40 ;99,90 ;107,90 ;106,40 ;265,86 ;0,71 ;0,83 ;50.919 ;49.945 
02/2014;91,30 ;95,80 ;95,10 ;87,80 ;94,10 ;262,78 ;0,48 ;0,46 ;51.183 ;50.049 
03/2014;94,80 ;96,80 ;97,60 ;100,00 ;95,30 ;272,56 ;0,71 ;0,72 ;51.445 ;50.528 
04/2014;90,80 ;92,30 ;95,20 ;89,10 ;98,70 ;274,38 ;0,81 ;0,78 ;52.064 ;50.263 
05/2014;102,60 ;97,90 ;100,00 ;118,80 ;107,50 ;277,52 ;0,38 ;0,60 ;52.932 ;50.935 
06/2014;94,70 ;92,90 ;94,10 ;88,30 ;82,00 ;278,97 ;0,66 ;0,26 ;53.595 ;50.985 
07/2014;96,70 ;103,20 ;97,90 ;90,60 ;102,10 ;270,06 ;-0,61 ;-0,28 ;53.855 ;51.417 
08/2014;100,90 ;108,80 ;99,40 ;92,70 ;99,40 ;266,34 ;0,35 ;0,38 ;54.557 ;52.268 
09/2014;95,20 ;101,10 ;93,90 ;92,40 ;100,40 ;263,63 ;0,99 ;0,76 ;55.084 ;51.479 
10/2014;100,30 ;102,80 ;100,30 ;96,40 ;102,20 ;257,80 ;0,05 ;0,10 ;55.896 ;50.775 
11/2014;103,70 ;98,30 ;101,70 ;111,00 ;99,30 ;255,72 ;0,44 ;0,36 ;56.784 ;51.612 
12/2014;129,10 ;105,80 ;125,00 ;125,10 ;112,50 ;267,82 ;0,65 ;0,62 ;58.354 ;52.866 
01/2015;96,20 ;94,50 ;101,30 ;98,00 ;101,90 ;299,17 ;0,88 ;0,97 ;58.788 ;52.629 
02/2015;84,90 ;81,70 ;95,00 ;78,30 ;76,40 ;311,65 ;1,66 ;1,61 ;58.946 ;53.323 
03/2015;94,40 ;94,10 ;97,70 ;91,50 ;94,30 ;302,97 ;0,87 ;0,94 ;59.630 ;54.077 
04/2015;88,40 ;89,60 ;96,10 ;79,10 ;79,70 ;314,44 ;0,50 ;0,51 ;59.644 ;53.162 
05/2015;93,00 ;89,70 ;95,10 ;91,60 ;86,60 ;348,04 ;0,79 ;0,93 ;60.208 ;51.586 
06/2015;89,60 ;91,10 ;89,30 ;78,30 ;80,70 ;320,03 ;1,03 ;0,97 ;60.720 ;49.965 
07/2015;88,70 ;91,60 ;92,20 ;80,10 ;93,90 ;317,90 ;0,30 ;0,34 ;61.162 ;50.434 
08/2015;88,90 ;86,60 ;91,50 ;75,70 ;86,00 ;305,11 ;0,41 ;0,28 ;61.680 ;50.301 
09/2015;85,80 ;94,60 ;90,80 ;71,20 ;85,30 ;297,07 ;0,27 ;0,29 ;61.969 ;49.768 
10/2015;91,00 ;84,80 ;97,20 ;82,90 ;82,00 ;297,83 ;0,60 ;0,56 ;61.774 ;48.143 
11/2015;90,80 ;79,60 ;92,40 ;93,80 ;83,30 ;323,23 ;1,19 ;1,24 ;62.337 ;48.503 
12/2015;111,90 ;83,00 ;115,40 ;105,30 ;89,80 ;331,20 ;0,94 ;0,89 ;63.073 ;49.364 
01/2016;83,10 ;75,30 ;89,50 ;80,20 ;78,80 ;349,26 ;1,69 ;2,07 ;63.109 ;49.152 
02/2016;76,80 ;73,20 ;86,40 ;72,60 ;75,40 ;337,84 ;1,41 ;1,51 ;63.103 ;48.262 
03/2016;82,80 ;79,30 ;89,60 ;78,10 ;84,60 ;348,71 ;-0,14 ;-0,07 ;63.034 ;47.962 
04/2016;76,80 ;75,10 ;84,60 ;66,90 ;75,90 ;344,29 ;0,62 ;0,69 ;62.853 ;47.477 
05/2016;77,50 ;72,10 ;82,90 ;72,60 ;75,20 ;354,12 ;0,83 ;0,80 ;63.160 ;47.761 
06/2016;77,80 ;72,20 ;82,20 ;63,60 ;73,30 ;365,77 ;0,33 ;0,49 ;63.406 ;46.250 
07/2016;77,10 ;70,80 ;86,00 ;62,20 ;82,50 ;380,03 ;0,92 ;0,93 ;63.368 ;46.561 
08/2016;78,00 ;73,40 ;85,00 ;62,80 ;84,90 ;376,45 ;0,08 ;0,06 ;63.700 ;46.242 
09/2016;75,60 ;76,70 ;86,00 ;57,10 ;73,50 ;381,93 ;0,02 ;0,16 ;63.711 ;44.424 
10/2016;78,50 ;73,90 ;87,70 ;63,60 ;79,10 ;375,60 ;0,50 ;0,30 ;63.298 ;44.721 
11/2016;83,30 ;74,10 ;88,60 ;77,10 ;81,90 ;358,77 ;-0,05 ;0,03 ;63.897 ;43.674 
12/2016;102,70 ;80,20 ;107,50 ;84,30 ;85,90 ;355,15 ;0,32 ;0,20 ;64.534 ;42.758 
01/2017;79,90 ;78,40 ;76,80 ;88,60 ;75,20 ;359,75 ;0,67 ;0,88 ;64.520 ;42.151 
02/2017;71,90 ;63,80 ;75,70 ;72,30 ;63,20 ;349,40 ;0,57 ;0,29 ;64.614 ;42.028 
03/2017;79,10 ;72,10 ;77,90 ;93,80 ;86,10 ;349,66 ;0,04 ;0,14 ;64.889 ;42.043 
04/2017;75,10 ;70,20 ;75,10 ;78,30 ;71,00 ;366,63 ;-0,22 ;-0,20 ;64.725 ;41.531 
05/2017;77,40 ;70,20 ;72,20 ;92,80 ;85,40 ;351,31 ;0,32 ;0,29 ;65.243 ;40.911 
06/2017;79,00 ;75,70 ;72,10 ;82,40 ;76,30 ;350,22 ;-0,08 ;0,09 ;65.674 ;41.468 
07/2017;77,60 ;72,40 ;73,40 ;86,20 ;84,50 ;357,28 ;0,35 ;0,36 ;65.794 ;41.276 
08/2017;78,80 ;75,10 ;73,70 ;88,40 ;94,50 ;332,10 ;-0,06 ;-0,20 ;66.136 ;40.987 
09/2017;76,50 ;69,70 ;74,30 ;84,00 ;88,30 ;318,52 ;0,24 ;0,09 ;66.246 ;39.403 
10/2017;76,90 ;72,60 ;70,50 ;84,90 ;85,20 ;318,31 ;0,46 ;0,41 ;66.656 ;37.574 
11/2017;88,40 ;69,40 ;86,30 ;107,10 ;86,80 ;315,98 ;-0,26 ;-0,36 ;67.348 ;34.971 
12/2017;106,30 ;71,70 ;103,50 ;117,50 ;88,60 ;316,65 ;0,10 ;0,05 ;67.790 ;36.012 
01/2018;78,80 ;69,80 ;71,80 ;91,70 ;94,10 ;333,98 ;0,35 ;0,28 ;68.308 ;35.385 
02/2018;70,70 ;57,60 ;71,30 ;74,70 ;75,50 ;336,59 ;0,55 ;0,26 ;68.088 ;35.736 
03/2018;79,70 ;62,20 ;78,30 ;92,10 ;95,00 ;322,86 ;-0,27 ;-0,27 ;68.589 ;35.475 
04/2018;74,40 ;63,80 ;71,50 ;80,60 ;86,70 ;325,42 ;0,34 ;0,34 ;68.982 ;36.156 
05/2018;76,50 ;57,50 ;73,70 ;93,20 ;82,20 ;327,56 ;1,11 ;0,98 ;69.577 ;37.414 
06/2018;79,90 ;59,40 ;73,50 ;93,50 ;86,80 ;333,00 ;0,86 ;1,00 ;70.120 ;36.328 
07/2018;75,30 ;61,30 ;72,10 ;84,50 ;89,40 ;321,62 ;0,24 ;0,15 ;70.399 ;35.880 
08/2018;79,60 ;63,10 ;77,80 ;86,70 ;94,00 ;311,92 ;-0,27 ;-0,13 ;71.277 ;35.631 
09/2018;75,70 ;61,20 ;77,80 ;79,80 ;81,60 ;315,86 ;0,35 ;0,20 ;71.489 ;36.662 
10/2018;77,00 ;62,20 ;74,80 ;85,70 ;89,50 ;331,02 ;0,46 ;0,44 ;72.184 ;37.246 
11/2018;92,90 ;63,50 ;90,80 ;112,40 ;89,80 ;330,17 ;-0,31 ;-0,21 ;73.579 ;37.346 
12/2018;105,40 ;66,30 ;107,90 ;109,50 ;87,40 ;343,82 ;0,56 ;0,63 ;74.381 ;37.061 
01/2019;78,60 ;61,10 ;75,50 ;92,90 ;85,60 ;353,43 ;0,37 ;0,23 ;74.328 ;36.578 
02/2019;74,80 ;57,80 ;73,60 ;86,10 ;81,20 ;362,93 ;0,18 ;0,22 ;74.619 ;37.264 
03/2019;76,30 ;59,50 ;78,30 ;87,00 ;79,30 ;382,35 ;0,76 ;0,75 ;75.229 ;37.364 
04/2019;76,00 ;63,30 ;74,00 ;84,50 ;83,80 ;396,75 ;0,83 ;1,08 ;75.943 ;37.515 
05/2019;80,50 ;66,40 ;75,80 ;100,10 ;85,80 ;392,97 ;0,11 ;0,11 ;76.784 ;41.064 
06/2019;77,10 ;64,60 ;72,70 ;79,90 ;80,30 ;384,76 ;0,01 ;-0,08 ;77.429 ;42.275 
07/2019;77,90 ;72,30 ;73,40 ;83,00 ;103,50 ;372,25 ;-0,14 ;0,06 ;78.154 ;41.671 
08/2019;79,60 ;70,90 ;76,40 ;84,90 ;94,90 ;350,75 ;0,04 ;-0,18 ;79.270 ;42.114 
09/2019;77,00 ;67,00 ;75,20 ;84,90 ;88,00 ;345,04 ;0,14 ;0,06 ;80.113 ;42.711 
10/2019;79,60 ;70,70 ;73,80 ;89,00 ;98,70 ;347,65 ;0,08 ;0,10 ;81.065 ;41.658 
11/2019;95,90 ;67,90 ;91,50 ;141,70 ;93,10 ;341,45 ;0,23 ;0,21 ;82.081 ;42.117 
12/2019;113,20 ;71,00 ;106,00 ;165,10 ;94,40 ;360,51 ;1,26 ;1,23 ;83.270 ;41.983 
01/2020;79,00 ;65,70 ;72,10 ;102,50 ;87,40 ;376,49 ;0,34 ;0,31 ;83.854 ;41.561 
02/2020;74,80 ;62,40 ;73,10 ;85,40 ;74,30 ;395,49 ;0,16 ;0,16 ;83.966 ;41.570 
03/2020;70,00 ;56,10 ;78,90 ;70,90 ;53,30 ;408,06 ;0,17 ;0,29 ;84.407 ;43.450 
04/2020;55,80 ;43,40 ;74,60 ;48,60 ;35,30 ;425,12 ;-0,16 ;-0,12 ;83.425 ;43.705 
05/2020;63,80 ;52,30 ;77,20 ;77,20 ;40,40 ;410,33 ;-0,47 ;-0,30 ;83.051 ;43.595 
Fonte;IBGE;IBGE;IBGE;IBGE;IBGE;Dieese;IBGE;IBGE;BCB;BCB 
01/2002;-;-;-;-;-;-;80,2 ;-;-;- 
02/2002;-;-;-;-;-;-;79,4 ;-;-;- 
03/2002;-;-;-;-;-;-;78,9 ;-;-;- 
04/2002;-;-;-;-;-;-;76,1 ;-;-;- 
05/2002;-;-;-;-;-;-;72,1 ;-;-;- 
06/2002;-;-;-;-;-;-;78,4 ;-;-;- 
07/2002;-;-;-;-;-;-;84,9 ;-;-;- 
08/2002;-;-;-;-;-;-;88,3 ;-;-;- 
09/2002;-;-;-;-;-;-;77,7 ;-;-;- 
10/2002;-;-;-;-;-;-;81,9 ;-;-;- 
11/2002;-;-;-;-;-;-;83,0 ;-;-;- 
12/2002;-;-;-;-;-;-;84,0 ;-;-;- 
01/2003;-;-;-;-;-;-;82,6 ;-;100,33 ;- 
02/2003;-;-;-;-;-;-;76,1 ;-;99,85 ;- 
03/2003;-;-;-;-;-;-;81,2 ;-;99,33 ;- 
04/2003;-;-;-;-;-;-;81,6 ;-;98,61 ;- 
05/2003;-;-;-;-;-;-;80,9 ;-;100,35 ;- 
06/2003;-;-;-;-;-;-;80,6 ;-;100,41 ;- 
07/2003;-;-;-;-;-;-;81,2 ;-;96,12 ;- 
08/2003;-;-;-;-;-;-;81,1 ;-;107,07 ;- 
09/2003;-;-;-;-;-;-;84,1 ;-;102,09 ;- 
10/2003;-;-;-;-;-;-;82,9 ;-;104,67 ;- 
11/2003;-;-;-;-;-;-;68,1 ;-;98,21 ;- 
12/2003;-;-;-;-;-;-;75,4 ;-;100,11 ;- 
01/2004;9,48 ;2,14 ;4,19 ;32,30 ;67,00 ;68,30 ;82,9 ;-;101,98 ;- 
02/2004;9,29 ;1,79 ;3,90 ;31,20 ;43,20 ;57,50 ;84,8 ;-;102,64 ;- 
03/2004;9,69 ;1,68 ;3,92 ;38,10 ;70,20 ;69,50 ;88,2 ;-;106,42 ;- 
04/2004;9,55 ;1,70 ;3,87 ;33,50 ;74,50 ;65,20 ;88,6 ;-;111,57 ;- 
05/2004;9,11 ;1,66 ;3,69 ;35,70 ;63,40 ;71,30 ;90,2 ;-;109,11 ;- 
06/2004;8,46 ;1,56 ;3,43 ;33,40 ;67,10 ;66,10 ;95,1 ;-;110,58 ;- 
07/2004;7,26 ;1,62 ;3,17 ;36,10 ;76,70 ;72,90 ;86,5 ;-;108,49 ;- 
08/2004;7,92 ;1,45 ;3,26 ;35,20 ;94,60 ;75,40 ;86,4 ;-;108,78 ;- 
09/2004;8,52 ;1,34 ;3,37 ;35,30 ;65,40 ;75,90 ;88,8 ;-;109,24 ;- 
10/2004;8,38 ;1,37 ;3,44 ;35,50 ;76,30 ;73,30 ;91,2 ;-;108,77 ;- 
11/2004;8,18 ;1,29 ;3,38 ;34,30 ;75,50 ;80,60 ;90,5 ;-;109,21 ;- 
12/2004;7,86 ;1,22 ;3,26 ;38,40 ;94,60 ;84,40 ;89,4 ;-;110,03 ;- 
01/2005;7,81 ;1,23 ;3,27 ;35,20 ;76,30 ;73,00 ;88,6 ;-;109,35 ;- 
02/2005;7,83 ;1,27 ;3,32 ;32,40 ;73,80 ;55,70 ;89,0 ;-;109,59 ;- 
03/2005;7,85 ;1,33 ;3,44 ;38,80 ;84,30 ;66,40 ;90,5 ;-;111,62 ;- 
04/2005;9,66 ;1,78 ;4,37 ;37,80 ;98,40 ;62,50 ;92,2 ;-;114,92 ;- 
05/2005;8,53 ;1,75 ;3,98 ;39,90 ;134,20 ;66,40 ;89,7 ;-;112,87 ;- 
06/2005;8,10 ;1,52 ;3,73 ;38,40 ;125,70 ;59,80 ;94,7 ;-;113,55 ;- 
07/2005;7,97 ;1,43 ;3,61 ;38,90 ;97,40 ;62,90 ;96,0 ;-;116,11 ;- 
08/2005;7,88 ;1,43 ;3,55 ;41,80 ;172,30 ;70,30 ;94,1 ;-;116,61 ;- 
09/2005;8,00 ;1,31 ;3,52 ;40,10 ;162,90 ;68,30 ;94,1 ;-;114,87 ;- 
10/2005;8,30 ;1,44 ;3,76 ;40,60 ;126,70 ;66,30 ;92,2 ;-;113,48 ;- 
11/2005;7,81 ;1,44 ;3,62 ;39,30 ;134,20 ;76,90 ;90,6 ;-;113,48 ;- 
12/2005;7,70 ;1,36 ;3,54 ;44,50 ;202,30 ;79,50 ;98,0 ;-;115,10 ;- 
01/2006;8,15 ;1,44 ;3,80 ;38,60 ;154,10 ;70,50 ;95,9 ;-;116,46 ;- 
02/2006;8,35 ;1,58 ;3,98 ;34,40 ;130,00 ;62,40 ;95,5 ;-;117,74 ;- 
03/2006;8,63 ;1,61 ;4,05 ;40,60 ;143,40 ;70,60 ;97,3 ;-;115,57 ;- 
04/2006;8,71 ;1,75 ;4,15 ;36,80 ;133,60 ;60,80 ;99,4 ;-;114,93 ;- 
05/2006;8,79 ;1,82 ;4,26 ;40,90 ;179,20 ;70,50 ;94,2 ;-;116,12 ;- 
06/2006;8,62 ;1,82 ;4,21 ;37,90 ;176,10 ;62,00 ;96,5 ;-;115,96 ;- 
07/2006;8,23 ;1,80 ;4,07 ;41,00 ;124,30 ;70,50 ;93,8 ;-;116,61 ;- 
08/2006;8,26 ;1,90 ;4,14 ;43,30 ;160,10 ;73,30 ;95,6 ;-;118,52 ;- 
09/2006;8,31 ;1,91 ;4,19 ;41,50 ;139,20 ;70,30 ;95,5 ;-;119,07 ;- 
10/2006;8,53 ;2,18 ;4,49 ;42,00 ;127,70 ;70,90 ;96,5 ;-;119,36 ;- 
11/2006;7,78 ;2,00 ;4,10 ;41,20 ;133,10 ;73,00 ;97,1 ;-;119,41 ;- 
12/2006;7,48 ;2,05 ;4,03 ;45,80 ;195,40 ;73,60 ;91,7 ;-;119,81 ;- 
01/2007;7,60 ;2,05 ;4,11 ;42,00 ;144,50 ;76,60 ;98,6 ;-;120,78 ;- 
02/2007;7,44 ;1,96 ;4,00 ;37,70 ;123,60 ;60,70 ;94,9 ;-;120,17 ;- 
03/2007;7,27 ;1,88 ;3,88 ;46,30 ;152,40 ;72,90 ;96,5 ;-;117,91 ;- 
04/2007;7,32 ;1,74 ;3,86 ;42,80 ;131,00 ;62,80 ;91,7 ;-;117,13 ;- 
05/2007;7,35 ;1,67 ;3,85 ;44,70 ;150,40 ;72,70 ;95,2 ;-;121,17 ;- 
06/2007;6,87 ;1,67 ;3,69 ;43,90 ;142,10 ;65,00 ;97,4 ;-;122,54 ;- 
07/2007;7,50 ;1,63 ;3,94 ;44,80 ;142,50 ;67,90 ;101,1 ;-;124,00 ;- 
08/2007;7,27 ;1,67 ;3,88 ;48,40 ;164,70 ;74,00 ;96,9 ;-;123,24 ;- 
09/2007;7,05 ;1,63 ;3,77 ;46,30 ;133,30 ;71,90 ;95,4 ;-;123,69 ;- 
10/2007;7,18 ;1,64 ;3,82 ;49,20 ;151,60 ;78,70 ;97,3 ;-;125,35 ;- 
11/2007;7,27 ;1,72 ;3,92 ;46,20 ;140,40 ;83,90 ;100,3 ;-;125,31 ;- 
12/2007;7,26 ;1,47 ;3,74 ;52,50 ;184,30 ;84,10 ;99,6 ;-;126,74 ;- 
01/2008;7,49 ;1,50 ;3,86 ;49,70 ;159,10 ;84,50 ;100,3 ;-;126,44 ;- 
02/2008;7,44 ;1,50 ;3,85 ;42,90 ;136,10 ;72,10 ;102,6 ;-;126,96 ;- 
03/2008;7,43 ;1,45 ;3,82 ;48,50 ;136,60 ;73,40 ;96,8 ;-;126,23 ;- 
04/2008;7,62 ;1,50 ;3,94 ;49,50 ;152,90 ;76,70 ;100,4 ;-;127,56 ;- 
05/2008;7,69 ;1,46 ;3,95 ;51,20 ;188,80 ;79,20 ;100,0 ;-;128,14 ;- 
06/2008;7,40 ;1,38 ;3,77 ;49,00 ;177,60 ;75,50 ;98,0 ;-;126,39 ;- 
07/2008;7,48 ;1,39 ;3,82 ;51,50 ;178,10 ;84,50 ;99,1 ;-;127,73 ;- 
08/2008;7,58 ;1,49 ;3,95 ;52,60 ;214,30 ;84,80 ;103,5 ;-;132,02 ;- 
09/2008;7,45 ;1,38 ;3,78 ;52,50 ;157,10 ;86,40 ;102,8 ;-;129,72 ;- 
10/2008;7,61 ;1,43 ;3,84 ;52,50 ;165,80 ;81,70 ;99,2 ;-;126,69 ;- 
11/2008;7,69 ;1,40 ;3,79 ;50,90 ;115,00 ;78,30 ;98,0 ;-;126,61 ;- 
12/2008;7,45 ;1,37 ;3,62 ;57,30 ;134,50 ;83,20 ;84,0 ;-;124,54 ;- 
01/2009;8,45 ;1,58 ;4,18 ;51,30 ;118,30 ;76,60 ;83,1 ;-;123,20 ;- 
02/2009;8,60 ;2,02 ;4,50 ;47,90 ;92,10 ;65,40 ;95,8 ;-;128,52 ;- 
03/2009;8,62 ;1,94 ;4,43 ;56,20 ;106,10 ;72,50 ;94,1 ;-;126,08 ;- 
04/2009;8,62 ;2,04 ;4,51 ;50,40 ;150,10 ;68,70 ;77,7 ;-;124,25 ;- 
05/2009;8,47 ;2,20 ;4,62 ;53,50 ;130,60 ;71,70 ;85,7 ;-;125,48 ;- 
06/2009;8,35 ;3,07 ;5,09 ;52,40 ;100,40 ;71,20 ;96,7 ;-;127,35 ;- 
07/2009;8,32 ;2,42 ;4,71 ;57,30 ;120,00 ;79,20 ;88,6 ;-;125,17 ;- 
08/2009;8,27 ;2,66 ;4,84 ;59,70 ;152,80 ;83,10 ;97,0 ;-;132,22 ;- 
09/2009;8,07 ;2,57 ;4,71 ;57,50 ;160,90 ;80,70 ;97,8 ;-;133,66 ;- 
10/2009;7,97 ;2,59 ;4,74 ;59,30 ;134,60 ;84,60 ;98,7 ;-;132,29 ;- 
11/2009;7,72 ;2,91 ;4,84 ;57,20 ;112,70 ;86,60 ;102,3 ;-;133,35 ;- 
12/2009;7,45 ;2,48 ;4,50 ;64,20 ;186,10 ;89,20 ;105,0 ;-;135,18 ;- 
01/2010;7,64 ;2,44 ;4,54 ;55,80 ;141,70 ;82,70 ;104,3 ;-;135,15 ;- 
02/2010;7,38 ;2,44 ;4,46 ;53,20 ;135,40 ;75,30 ;103,0 ;-;135,85 ;- 
03/2010;7,12 ;2,14 ;4,16 ;62,20 ;157,70 ;91,60 ;101,0 ;-;137,72 ;- 
04/2010;6,93 ;2,19 ;4,11 ;58,00 ;161,40 ;85,90 ;101,9 ;-;139,64 ;- 
05/2010;6,75 ;2,05 ;3,95 ;63,70 ;133,10 ;95,00 ;103,7 ;-;138,21 ;- 
06/2010;6,43 ;1,89 ;3,71 ;58,80 ;163,10 ;84,60 ;98,7 ;-;136,26 ;- 
07/2010;7,75 ;2,09 ;4,40 ;63,60 ;140,10 ;88,40 ;102,7 ;-;136,47 ;- 
08/2010;7,21 ;2,18 ;4,23 ;66,20 ;169,80 ;91,50 ;101,0 ;-;138,35 ;- 
09/2010;7,01 ;2,15 ;4,14 ;64,10 ;150,50 ;91,50 ;98,5 ;-;138,37 ;- 
10/2010;7,15 ;2,08 ;4,15 ;66,40 ;119,30 ;90,30 ;105,0 ;-;141,50 ;- 
11/2010;6,77 ;1,95 ;3,92 ;63,80 ;120,30 ;93,40 ;96,8 ;-;140,98 ;- 
12/2010;5,37 ;1,90 ;3,32 ;73,20 ;163,40 ;95,00 ;96,1 ;-;139,89 ;- 
01/2011;5,40 ;1,94 ;3,35 ;64,40 ;126,60 ;89,90 ;94,5 ;88,40 ;139,43 ;88,40 
02/2011;4,80 ;2,06 ;3,17 ;62,50 ;104,20 ;85,50 ;87,3 ;84,30 ;138,65 ;89,20 
03/2011;4,86 ;1,99 ;3,15 ;66,70 ;121,30 ;81,60 ;97,8 ;88,50 ;140,37 ;88,30 
04/2011;4,98 ;2,14 ;3,28 ;64,80 ;81,10 ;80,10 ;95,5 ;86,00 ;139,97 ;87,30 
05/2011;4,98 ;2,34 ;3,40 ;70,00 ;103,40 ;95,20 ;100,5 ;88,10 ;140,64 ;87,90 
06/2011;4,99 ;2,24 ;3,35 ;67,00 ;92,60 ;83,50 ;105,7 ;87,60 ;142,29 ;90,20 
07/2011;5,08 ;2,36 ;3,46 ;69,70 ;103,70 ;91,50 ;97,1 ;91,20 ;141,74 ;88,90 
08/2011;5,10 ;2,36 ;3,46 ;73,60 ;85,50 ;96,00 ;95,6 ;92,30 ;141,35 ;91,70 
09/2011;5,12 ;2,44 ;3,51 ;69,90 ;122,90 ;92,20 ;97,1 ;89,40 ;140,96 ;91,30 
10/2011;5,36 ;2,51 ;3,66 ;69,60 ;127,60 ;87,60 ;99,1 ;88,10 ;141,21 ;87,90 
11/2011;6,01 ;2,62 ;4,00 ;69,80 ;100,40 ;94,60 ;90,7 ;90,60 ;140,17 ;90,80 
12/2011;6,00 ;2,56 ;3,93 ;79,80 ;103,30 ;99,20 ;90,0 ;99,30 ;139,29 ;91,70 
01/2012;5,50 ;2,80 ;4,00 ;65,30 ;116,60 ;94,10 ;98,7 ;92,30 ;140,64 ;92,20 
02/2012;6,12 ;3,26 ;4,57 ;62,20 ;108,90 ;82,10 ;95,7 ;86,60 ;141,91 ;91,60 
03/2012;6,02 ;3,15 ;4,47 ;72,80 ;137,50 ;99,30 ;97,9 ;92,80 ;140,76 ;92,50 
04/2012;5,82 ;2,99 ;4,38 ;70,60 ;133,90 ;87,50 ;97,8 ;89,90 ;141,77 ;91,40 
05/2012;5,89 ;2,97 ;4,41 ;77,30 ;141,00 ;100,30 ;100,6 ;91,10 ;142,77 ;90,90 
06/2012;5,77 ;2,97 ;4,36 ;74,20 ;147,50 ;87,50 ;99,7 ;89,00 ;144,34 ;91,70 
07/2012;5,79 ;2,94 ;4,35 ;81,20 ;152,80 ;95,60 ;97,6 ;92,10 ;142,37 ;89,90 
08/2012;5,77 ;2,92 ;4,33 ;79,70 ;147,00 ;106,20 ;99,2 ;91,90 ;143,49 ;91,50 
09/2012;5,66 ;2,88 ;4,26 ;76,60 ;141,90 ;92,30 ;99,3 ;89,30 ;144,01 ;91,10 
10/2012;5,61 ;2,86 ;4,24 ;81,30 ;149,40 ;97,90 ;98,5 ;94,50 ;145,70 ;94,20 
11/2012;5,59 ;2,71 ;4,14 ;74,50 ;154,30 ;105,20 ;106,4 ;92,30 ;145,96 ;92,30 
12/2012;5,49 ;2,67 ;4,07 ;78,40 ;150,50 ;92,60 ;107,5 ;100,40 ;147,75 ;92,70 
01/2013;5,38 ;2,83 ;4,11 ;68,50 ;116,60 ;104,20 ;109,6 ;94,40 ;147,71 ;94,20 
02/2013;5,45 ;3,05 ;4,24 ;64,60 ;88,30 ;88,70 ;105,4 ;88,00 ;148,71 ;93,00 
03/2013;5,54 ;3,04 ;4,29 ;74,50 ;111,80 ;94,40 ;104,7 ;95,10 ;146,38 ;94,90 
04/2013;5,42 ;3,14 ;4,28 ;86,40 ;112,70 ;99,90 ;109,4 ;98,70 ;144,09 ;100,60 
05/2013;5,36 ;3,17 ;4,26 ;92,00 ;146,30 ;103,10 ;108,3 ;99,50 ;147,33 ;99,50 
06/2013;5,23 ;3,17 ;4,19 ;89,30 ;133,30 ;86,70 ;112,5 ;95,90 ;145,90 ;98,70 
07/2013;5,16 ;3,09 ;4,13 ;94,00 ;135,30 ;103,70 ;108,3 ;104,10 ;147,02 ;101,70 
08/2013;5,01 ;2,85 ;3,94 ;97,20 ;128,50 ;110,00 ;105,4 ;96,40 ;147,14 ;96,10 
09/2013;5,08 ;2,77 ;3,94 ;91,30 ;123,40 ;110,90 ;107,1 ;93,90 ;148,52 ;95,70 
10/2013;5,01 ;2,76 ;3,90 ;88,20 ;111,10 ;116,50 ;98,3 ;95,90 ;146,90 ;95,60 
11/2013;4,87 ;2,50 ;3,70 ;89,10 ;103,40 ;112,50 ;107,0 ;95,10 ;148,31 ;94,90 
12/2013;4,69 ;2,25 ;3,46 ;93,30 ;102,50 ;102,90 ;104,4 ;98,90 ;148,44 ;91,40 
01/2014;4,66 ;2,26 ;3,47 ;89,10 ;105,50 ;107,60 ;103,7 ;95,10 ;149,55 ;94,60 
02/2014;4,64 ;2,12 ;3,39 ;87,80 ;102,50 ;98,20 ;105,4 ;94,50 ;149,46 ;99,90 
03/2014;4,69 ;2,26 ;3,49 ;94,80 ;101,50 ;93,10 ;106,6 ;97,10 ;149,16 ;97,00 
04/2014;4,70 ;2,22 ;3,48 ;96,30 ;95,30 ;89,70 ;108,2 ;95,70 ;149,74 ;97,80 
05/2014;4,68 ;2,15 ;3,44 ;105,90 ;107,80 ;101,90 ;100,2 ;98,80 ;149,43 ;99,00 
06/2014;4,62 ;2,28 ;3,48 ;99,80 ;90,80 ;83,00 ;99,3 ;93,40 ;149,25 ;96,20 
07/2014;4,67 ;2,28 ;3,50 ;103,50 ;100,90 ;101,20 ;102,7 ;106,30 ;152,08 ;103,90 
08/2014;4,71 ;2,26 ;3,51 ;113,10 ;103,20 ;102,30 ;99,4 ;101,10 ;150,27 ;100,60 
09/2014;4,41 ;2,27 ;3,38 ;106,00 ;95,10 ;106,30 ;104,9 ;98,60 ;148,81 ;100,30 
10/2014;4,50 ;2,33 ;3,47 ;104,40 ;102,90 ;115,50 ;107,2 ;100,40 ;149,32 ;100,00 
11/2014;4,43 ;2,26 ;3,40 ;97,80 ;95,60 ;102,70 ;109,2 ;107,40 ;149,03 ;107,00 
12/2014;4,10 ;2,12 ;3,16 ;101,50 ;98,80 ;98,50 ;100,4 ;111,70 ;148,54 ;103,30 
01/2015;4,27 ;2,28 ;3,33 ;90,60 ;79,00 ;102,10 ;91,5 ;94,60 ;146,18 ;93,80 
02/2015;4,31 ;2,36 ;3,38 ;84,50 ;74,90 ;88,00 ;81,1 ;92,60 ;145,94 ;97,90 
03/2015;4,14 ;2,36 ;3,29 ;97,80 ;89,50 ;103,50 ;104,2 ;97,70 ;147,81 ;97,80 
04/2015;4,26 ;3,32 ;3,82 ;94,70 ;75,80 ;88,80 ;95,7 ;94,30 ;149,58 ;96,50 
05/2015;4,44 ;3,30 ;3,91 ;101,00 ;83,40 ;95,00 ;96,4 ;100,30 ;146,35 ;100,70 
06/2015;4,29 ;3,36 ;3,87 ;94,20 ;73,60 ;87,10 ;100,4 ;90,00 ;146,84 ;92,90 
07/2015;4,40 ;3,26 ;3,88 ;99,30 ;78,80 ;98,60 ;104,3 ;94,70 ;149,01 ;92,50 
08/2015;4,48 ;3,53 ;4,06 ;114,20 ;73,70 ;92,40 ;101,8 ;93,50 ;145,74 ;92,90 
09/2015;4,54 ;3,63 ;4,14 ;104,00 ;70,30 ;93,20 ;94,6 ;92,00 ;142,66 ;93,40 
10/2015;4,75 ;3,47 ;4,19 ;105,30 ;69,30 ;95,80 ;97,3 ;92,70 ;143,80 ;92,10 
11/2015;4,89 ;3,78 ;4,40 ;101,10 ;69,80 ;96,10 ;95,1 ;88,20 ;140,71 ;87,80 
12/2015;5,01 ;3,46 ;4,33 ;100,50 ;73,80 ;96,70 ;98,2 ;97,40 ;142,09 ;90,20 
01/2016;5,03 ;3,73 ;4,46 ;87,80 ;66,50 ;87,70 ;102,2 ;86,80 ;141,96 ;85,90 
02/2016;5,06 ;3,79 ;4,51 ;84,60 ;62,80 ;83,60 ;86,9 ;85,00 ;139,52 ;89,90 
03/2016;5,02 ;3,87 ;4,52 ;93,20 ;71,00 ;83,80 ;95,4 ;89,80 ;139,10 ;90,00 
04/2016;5,23 ;3,85 ;4,64 ;85,80 ;60,30 ;81,70 ;93,7 ;86,00 ;137,43 ;88,10 
05/2016;5,22 ;4,15 ;4,75 ;89,90 ;63,40 ;83,60 ;93,5 ;87,60 ;136,76 ;88,20 
06/2016;4,95 ;4,23 ;4,65 ;86,10 ;61,90 ;79,00 ;95,9 ;85,50 ;136,65 ;88,40 
07/2016;4,72 ;4,49 ;4,62 ;93,00 ;62,00 ;82,10 ;86,0 ;87,20 ;133,44 ;85,10 
08/2016;4,75 ;4,34 ;4,58 ;100,10 ;66,60 ;84,70 ;88,6 ;82,20 ;135,46 ;81,60 
09/2016;4,84 ;4,66 ;4,77 ;91,60 ;60,40 ;74,60 ;89,9 ;81,30 ;136,13 ;82,40 
10/2016;4,84 ;4,95 ;4,89 ;88,40 ;63,10 ;82,20 ;90,2 ;83,40 ;137,24 ;82,80 
11/2016;4,68 ;4,96 ;4,79 ;87,10 ;68,40 ;88,60 ;87,1 ;86,90 ;135,37 ;86,30 
12/2016;4,48 ;4,96 ;4,67 ;96,50 ;71,40 ;97,40 ;90,2 ;89,30 ;134,74 ;82,70 
01/2017;4,53 ;4,28 ;4,43 ;81,30 ;65,50 ;92,80 ;87,2 ;87,30 ;133,19 ;85,50 
02/2017;4,53 ;4,42 ;4,49 ;74,10 ;52,90 ;73,90 ;87,0 ;79,90 ;135,21 ;84,00 
03/2017;4,40 ;4,43 ;4,41 ;85,30 ;65,90 ;91,60 ;93,3 ;83,00 ;137,78 ;83,40 
04/2017;4,60 ;4,68 ;4,63 ;86,50 ;61,50 ;74,10 ;88,6 ;78,90 ;141,21 ;81,70 
05/2017;4,69 ;7,76 ;5,87 ;88,20 ;72,60 ;87,10 ;92,0 ;80,70 ;137,44 ;81,90 
06/2017;4,30 ;4,12 ;4,23 ;82,20 ;65,70 ;82,70 ;87,2 ;78,90 ;134,84 ;81,40 
07/2017;4,45 ;3,97 ;4,26 ;84,20 ;74,60 ;88,10 ;93,2 ;80,00 ;134,60 ;78,60 
08/2017;4,38 ;3,96 ;4,22 ;90,10 ;73,50 ;94,20 ;95,0 ;81,60 ;137,01 ;81,10 
09/2017;4,34 ;3,73 ;4,11 ;86,90 ;69,20 ;87,60 ;93,3 ;80,50 ;137,60 ;81,30 
10/2017;4,38 ;3,88 ;4,20 ;89,80 ;66,40 ;94,40 ;88,4 ;85,60 ;136,20 ;84,80 
11/2017;4,30 ;4,28 ;4,29 ;91,00 ;74,50 ;102,80 ;91,1 ;81,50 ;137,22 ;80,30 
12/2017;3,99 ;3,72 ;3,90 ;98,90 ;87,70 ;95,80 ;90,0 ;86,60 ;137,84 ;80,70 
01/2018;4,23 ;3,73 ;4,06 ;89,10 ;76,00 ;100,30 ;90,4 ;84,40 ;138,33 ;82,10 
02/2018;4,23 ;3,39 ;3,94 ;83,30 ;66,10 ;79,10 ;90,0 ;73,00 ;137,86 ;76,60 
03/2018;4,17 ;3,57 ;3,97 ;94,40 ;66,00 ;90,80 ;88,7 ;77,20 ;139,42 ;78,10 
04/2018;4,16 ;3,37 ;3,89 ;93,30 ;88,60 ;85,50 ;93,8 ;75,70 ;145,71 ;78,80 
05/2018;4,11 ;4,94 ;4,40 ;94,80 ;68,00 ;85,60 ;80,6 ;72,90 ;134,64 ;74,50 
06/2018;3,97 ;2,63 ;3,51 ;97,10 ;76,10 ;81,60 ;93,7 ;78,40 ;138,87 ;80,80 
07/2018;3,98 ;2,60 ;3,51 ;99,40 ;78,70 ;86,10 ;93,9 ;83,40 ;139,70 ;81,90 
08/2018;3,85 ;6,30 ;4,67 ;105,20 ;66,20 ;94,70 ;96,4 ;82,50 ;139,50 ;81,60 
09/2018;3,85 ;2,51 ;3,39 ;94,90 ;58,80 ;85,10 ;92,4 ;80,80 ;138,86 ;81,40 
10/2018;3,70 ;2,35 ;3,24 ;102,20 ;68,90 ;96,80 ;92,1 ;79,90 ;139,56 ;78,90 
11/2018;3,67 ;2,28 ;3,20 ;104,10 ;58,90 ;90,10 ;91,8 ;80,30 ;139,51 ;79,00 
12/2018;3,60 ;2,20 ;3,13 ;111,70 ;59,40 ;82,60 ;90,8 ;83,90 ;138,64 ;78,50 
01/2019;3,71 ;2,11 ;3,18 ;97,60 ;55,80 ;90,90 ;86,6 ;81,80 ;137,92 ;79,20 
02/2019;3,66 ;2,01 ;3,11 ;94,60 ;52,80 ;84,10 ;92,0 ;75,70 ;138,90 ;79,30 
03/2019;3,75 ;2,02 ;3,18 ;97,10 ;48,50 ;81,80 ;83,9 ;77,60 ;138,80 ;79,00 
04/2019;3,66 ;5,94 ;4,41 ;95,20 ;55,80 ;84,70 ;90,1 ;75,80 ;140,95 ;79,10 
05/2019;3,74 ;5,43 ;4,33 ;105,80 ;54,50 ;86,50 ;91,0 ;75,60 ;139,55 ;77,70 
06/2019;3,73 ;5,20 ;4,25 ;90,80 ;52,70 ;73,40 ;87,2 ;73,00 ;138,72 ;75,30 
07/2019;3,88 ;3,30 ;3,68 ;99,50 ;57,60 ;87,30 ;86,4 ;79,30 ;140,28 ;77,70 
08/2019;3,88 ;3,26 ;3,67 ;101,70 ;60,40 ;91,90 ;87,1 ;79,50 ;138,89 ;78,30 
09/2019;3,95 ;3,47 ;3,78 ;98,10 ;67,30 ;90,40 ;91,1 ;76,40 ;139,63 ;76,80 
10/2019;3,92 ;3,50 ;3,78 ;101,60 ;53,70 ;99,00 ;92,0 ;79,00 ;140,29 ;77,90 
11/2019;3,95 ;3,80 ;3,90 ;103,30 ;71,30 ;100,70 ;89,2 ;78,00 ;139,66 ;76,70 
12/2019;3,91 ;3,71 ;3,85 ;107,90 ;69,30 ;93,80 ;86,8 ;80,10 ;139,39 ;75,20 
01/2020;4,16 ;3,98 ;4,10 ;95,30 ;49,30 ;91,00 ;94,3 ;78,50 ;138,85 ;75,80 
02/2020;4,19 ;3,87 ;4,09 ;91,10 ;50,80 ;85,10 ;93,9 ;72,40 ;139,02 ;75,80 
03/2020;4,58 ;4,35 ;4,50 ;104,20 ;39,90 ;78,40 ;88,9 ;68,60 ;135,76 ;70,10 
04/2020;4,76 ;2,55 ;4,00 ;84,80 ;17,20 ;64,40 ;67,4 ;53,10 ;132,08 ;55,40 
05/2020;4,73 ;2,34 ;3,91 ;91,60 ;30,30 ;82,10 ;72,5 ;-;-;- 
Fonte;BCB;BCB;BCB;IBGE;IBGE;IBGE;IBGE;IBGE;BCB-Depec;BCB e IBGE 
01/2004;13.286 ;;;;;;;;;
02/2004;13.484 ;;;;;;;;;
03/2004;13.828 ;;;;;;;;;
04/2004;14.236 ;;;;;;;;;
05/2004;14.744 ;;;;;;;;;
06/2004;15.214 ;;;;;;;;;
07/2004;15.244 ;;;;;;;;;
08/2004;15.316 ;;;;;;;;;
09/2004;15.680 ;;;;;;;;;
10/2004;15.476 ;;;;;;;;;
11/2004;15.655 ;;;;;;;;;
12/2004;16.106 ;;;;;;;;;
01/2005;16.333 ;;;;;;;;;
02/2005;16.503 ;;;;;;;;;
03/2005;16.444 ;;;;;;;;;
04/2005;16.720 ;;;;;;;;;
05/2005;16.942 ;;;;;;;;;
06/2005;16.971 ;;;;;;;;;
07/2005;17.456 ;;;;;;;;;
08/2005;17.995 ;;;;;;;;;
09/2005;18.230 ;;;;;;;;;
10/2005;18.325 ;;;;;;;;;
11/2005;18.606 ;;;;;;;;;
12/2005;19.079 ;;;;;;;;;
01/2006;19.129 ;;;;;;;;;
02/2006;19.434 ;;;;;;;;;
03/2006;20.189 ;;;;;;;;;
04/2006;20.680 ;;;;;;;;;
05/2006;20.999 ;;;;;;;;;
06/2006;21.466 ;;;;;;;;;
07/2006;21.874 ;;;;;;;;;
08/2006;22.454 ;;;;;;;;;
09/2006;22.655 ;;;;;;;;;
10/2006;22.687 ;;;;;;;;;
11/2006;23.276 ;;;;;;;;;
12/2006;23.979 ;;;;;;;;;
01/2007;24.031 ;;;;;;;;;
02/2007;24.341 ;;;;;;;;;
03/2007;25.020 ;;;;;;;;;
04/2007;24.894 ;;;;;;;;;
05/2007;25.341 ;;;;;;;;;
06/2007;25.672 ;;;;;;;;;
07/2007;26.032 ;;;;;;;;;
08/2007;26.738 ;;;;;;;;;
09/2007;27.472 ;;;;;;;;;
10/2007;28.108 ;;;;;;;;;
11/2007;28.793 ;;;;;;;;;
12/2007;30.007 ;;;;;;;;;
01/2008;30.634 ;;;;;;;;;
02/2008;31.093 ;;;;;;;;;
03/2008;31.690 ;;;;;;;;;
04/2008;32.435 ;;;;;;;;;
05/2008;33.332 ;;;;;;;;;
06/2008;34.272 ;;;;;;;;;
07/2008;34.964 ;;;;;;;;;
08/2008;35.472 ;;;;;;;;;
09/2008;36.912 ;;;;;;;;;
10/2008;38.065 ;;;;;;;;;
11/2008;39.410 ;;;;;;;;;
12/2008;40.573 ;;;;;;;;;
01/2009;40.200 ;;;;;;;;;
02/2009;40.600 ;;;;;;;;;
03/2009;41.414 ;;;;;;;;;
04/2009;41.602 ;;;;;;;;;
05/2009;41.615 ;;;;;;;;;
06/2009;42.669 ;;;;;;;;;
07/2009;42.952 ;;;;;;;;;
08/2009;43.689 ;;;;;;;;;
09/2009;44.459 ;;;;;;;;;
10/2009;44.455 ;;;;;;;;;
11/2009;45.400 ;;;;;;;;;
12/2009;46.127 ;;;;;;;;;
01/2010;47.157 ;;;;;;;;;
02/2010;46.538 ;;;;;;;;;
03/2010;47.437 ;;;;;;;;;
04/2010;48.395 ;;;;;;;;;
05/2010;49.760 ;;;;;;;;;
06/2010;50.917 ;;;;;;;;;
07/2010;50.956 ;;;;;;;;;
08/2010;51.808 ;;;;;;;;;
09/2010;52.980 ;;;;;;;;;
10/2010;54.026 ;;;;;;;;;
11/2010;55.415 ;;;;;;;;;
12/2010;56.652 ;;;;;;;;;
01/2011;57.837 ;;;;;;;;;
02/2011;58.990 ;;;;;;;;;
03/2011;59.627 ;;;;;;;;;
04/2011;61.058 ;;;;;;;;;
05/2011;62.516 ;;;;;;;;;
06/2011;63.854 ;;;;;;;;;
07/2011;65.010 ;;;;;;;;;
08/2011;66.714 ;;;;;;;;;
09/2011;68.474 ;;;;;;;;;
10/2011;69.051 ;;;;;;;;;
11/2011;70.007 ;;;;;;;;;
12/2011;73.338 ;;;;;;;;;
01/2012;72.485 ;;;;;;;;;
02/2012;72.449 ;;;;;;;;;
03/2012;73.842 ;;;;;;;;;
04/2012;74.801 ;;;;;;;;;
05/2012;75.957 ;;;;;;;;;
06/2012;77.045 ;;;;;;;;;
07/2012;78.005 ;;;;;;;;;
08/2012;79.153 ;;;;;;;;;
09/2012;79.347 ;;;;;;;;;
10/2012;80.413 ;;;;;;;;;
11/2012;83.018 ;;;;;;;;;
12/2012;85.337 ;;;;;;;;;
01/2013;85.119 ;;;;;;;;;
02/2013;86.213 ;;;;;;;;;
03/2013;87.339 ;;;;;;;;;
04/2013;88.461 ;;;;;;;;;
05/2013;90.855 ;;;;;;;;;
06/2013;92.251 ;;;;;;;;;
07/2013;92.552 ;;;;;;;;;
08/2013;93.861 ;;;;;;;;;
09/2013;95.002 ;;;;;;;;;
10/2013;95.427 ;;;;;;;;;
11/2013;97.726 ;;;;;;;;;
12/2013;101.384 ;;;;;;;;;
01/2014;100.863 ;;;;;;;;;
02/2014;101.232 ;;;;;;;;;
03/2014;101.973 ;;;;;;;;;
04/2014;102.327 ;;;;;;;;;
05/2014;103.867 ;;;;;;;;;
06/2014;104.580 ;;;;;;;;;
07/2014;105.271 ;;;;;;;;;
08/2014;106.825 ;;;;;;;;;
09/2014;106.563 ;;;;;;;;;
10/2014;106.672 ;;;;;;;;;
11/2014;108.396 ;;;;;;;;;
12/2014;111.219 ;;;;;;;;;
01/2015;111.417 ;;;;;;;;;
02/2015;112.270 ;;;;;;;;;
03/2015;113.706 ;;;;;;;;;
04/2015;112.806 ;;;;;;;;;
05/2015;111.794 ;;;;;;;;;
06/2015;110.686 ;;;;;;;;;
07/2015;111.596 ;;;;;;;;;
08/2015;111.982 ;;;;;;;;;
09/2015;111.737 ;;;;;;;;;
10/2015;109.917 ;;;;;;;;;
11/2015;110.840 ;;;;;;;;;
12/2015;112.437 ;;;;;;;;;
01/2016;112.261 ;;;;;;;;;
02/2016;111.364 ;;;;;;;;;
03/2016;110.996 ;;;;;;;;;
04/2016;110.330 ;;;;;;;;;
05/2016;110.921 ;;;;;;;;;
06/2016;109.656 ;;;;;;;;;
07/2016;109.930 ;;;;;;;;;
08/2016;109.942 ;;;;;;;;;
09/2016;108.135 ;;;;;;;;;
10/2016;108.019 ;;;;;;;;;
11/2016;107.570 ;;;;;;;;;
12/2016;107.292 ;;;;;;;;;
01/2017;106.671 ;;;;;;;;;
02/2017;106.643 ;;;;;;;;;
03/2017;106.932 ;;;;;;;;;
04/2017;106.257 ;;;;;;;;;
05/2017;106.154 ;;;;;;;;;
06/2017;107.142 ;;;;;;;;;
07/2017;107.070 ;;;;;;;;;
08/2017;107.124 ;;;;;;;;;
09/2017;105.650 ;;;;;;;;;
10/2017;104.231 ;;;;;;;;;
11/2017;102.319 ;;;;;;;;;
12/2017;103.802 ;;;;;;;;;
01/2018;103.694 ;;;;;;;;;
02/2018;103.824 ;;;;;;;;;
03/2018;104.063 ;;;;;;;;;
04/2018;105.138 ;;;;;;;;;
05/2018;106.991 ;;;;;;;;;
06/2018;106.448 ;;;;;;;;;
07/2018;106.279 ;;;;;;;;;
08/2018;106.908 ;;;;;;;;;
09/2018;108.151 ;;;;;;;;;
10/2018;109.430 ;;;;;;;;;
11/2018;110.925 ;;;;;;;;;
12/2018;111.442 ;;;;;;;;;
01/2019;110.906 ;;;;;;;;;
02/2019;111.883 ;;;;;;;;;
03/2019;112.593 ;;;;;;;;;
04/2019;113.458 ;;;;;;;;;
05/2019;117.848 ;;;;;;;;;
06/2019;119.704 ;;;;;;;;;
07/2019;119.825 ;;;;;;;;;
08/2019;121.383 ;;;;;;;;;
09/2019;122.824 ;;;;;;;;;
10/2019;122.723 ;;;;;;;;;
11/2019;124.198 ;;;;;;;;;
12/2019;125.253 ;;;;;;;;;
01/2020;125.416 ;;;;;;;;;
02/2020;125.536 ;;;;;;;;;
03/2020;127.857 ;;;;;;;;;
04/2020;127.130 ;;;;;;;;;
05/2020;126.646 ;;;;;;;;;
Fonte;BCB ;;;;;;;;;
