Data;21859 - Indicadores da produção (2012=100) - Geral - Índice;21862 - Indicadores da produção (2012=100) - Indústria de transformação - Índice;21863 - Indicadores da produção (2012=100) - Bens de capital - Índice;21866 - Indicadores da produção (2012=100) - Bens de consumo duráveis - Índice;21867 - Indicadores da produção (2012=100) - Semiduráveis e não duráveis - Índice
01/2002;72,4 ;73,0 ;51,7 ;52,1 ;76,7
02/2002;69,7 ;70,4 ;50,4 ;50,3 ;72,7
03/2002;77,4 ;78,0 ;57,4 ;59,4 ;78,4
04/2002;79,6 ;80,4 ;61,2 ;66,5 ;81,1
05/2002;80,4 ;81,2 ;59,2 ;60,5 ;81,2
06/2002;77,5 ;78,1 ;54,8 ;53,0 ;77,8
07/2002;83,3 ;84,1 ;60,3 ;56,1 ;87,2
08/2002;83,6 ;84,4 ;57,3 ;56,4 ;90,6
09/2002;82,1 ;83,1 ;57,4 ;61,1 ;88,1
10/2002;89,2 ;90,3 ;63,0 ;70,5 ;99,4
11/2002;83,9 ;84,9 ;59,3 ;67,8 ;92,8
12/2002;74,6 ;75,3 ;52,0 ;53,7 ;81,8
01/2003;74,0 ;74,3 ;50,9 ;56,9 ;74,8
02/2003;71,8 ;72,3 ;53,5 ;56,6 ;71,6
03/2003;77,4 ;77,8 ;52,6 ;52,6 ;74,7
04/2003;76,5 ;77,0 ;53,9 ;57,2 ;74,7
05/2003;79,7 ;80,1 ;55,8 ;57,0 ;78,9
06/2003;76,3 ;76,9 ;53,1 ;51,6 ;76,0
07/2003;81,3 ;82,0 ;58,4 ;54,1 ;82,4
08/2003;81,6 ;82,2 ;57,9 ;56,2 ;83,7
09/2003;85,7 ;86,6 ;63,2 ;65,4 ;88,7
10/2003;90,0 ;91,1 ;70,4 ;72,0 ;94,8
11/2003;84,6 ;85,5 ;70,8 ;70,7 ;89,7
12/2003;77,9 ;78,3 ;59,6 ;61,8 ;82,2
01/2004;76,8 ;77,3 ;58,3 ;63,9 ;75,3
02/2004;74,0 ;74,5 ;58,4 ;58,2 ;70,5
03/2004;86,9 ;87,9 ;73,7 ;74,7 ;82,7
04/2004;82,2 ;83,0 ;67,7 ;69,1 ;77,6
05/2004;86,3 ;87,3 ;72,3 ;70,2 ;80,9
06/2004;86,1 ;87,0 ;71,9 ;70,0 ;81,8
07/2004;90,1 ;91,0 ;74,0 ;71,7 ;85,8
08/2004;92,1 ;93,0 ;76,2 ;77,5 ;89,9
09/2004;92,1 ;93,2 ;73,6 ;80,0 ;93,2
10/2004;93,5 ;94,5 ;74,8 ;78,8 ;95,3
11/2004;91,8 ;92,9 ;75,5 ;80,3 ;97,9
12/2004;84,7 ;85,3 ;68,5 ;69,9 ;90,7
01/2005;81,0 ;81,5 ;62,9 ;64,2 ;83,2
02/2005;76,4 ;77,0 ;60,0 ;67,9 ;75,2
03/2005;88,0 ;88,8 ;74,8 ;82,5 ;85,4
04/2005;87,0 ;87,5 ;70,5 ;79,0 ;86,0
05/2005;91,1 ;91,5 ;75,7 ;80,4 ;89,2
06/2005;91,4 ;91,9 ;78,4 ;81,5 ;89,4
07/2005;90,5 ;90,9 ;70,7 ;77,5 ;90,1
08/2005;95,6 ;96,3 ;78,2 ;85,4 ;97,8
09/2005;92,0 ;92,6 ;77,6 ;76,5 ;94,5
10/2005;93,7 ;94,2 ;75,4 ;79,3 ;97,5
11/2005;92,4 ;93,1 ;77,6 ;85,6 ;98,5
12/2005;86,6 ;86,9 ;71,7 ;78,3 ;93,6
01/2006;83,7 ;83,6 ;65,7 ;77,6 ;83,5
02/2006;80,2 ;80,5 ;65,7 ;77,3 ;80,7
03/2006;92,4 ;92,8 ;80,5 ;88,9 ;92,1
04/2006;85,7 ;85,8 ;69,3 ;79,8 ;84,2
05/2006;95,4 ;95,7 ;79,9 ;92,2 ;92,9
06/2006;91,1 ;91,5 ;75,8 ;83,8 ;90,0
07/2006;93,8 ;94,0 ;77,0 ;80,5 ;92,9
08/2006;98,6 ;99,1 ;84,0 ;92,3 ;99,1
09/2006;93,2 ;93,6 ;77,3 ;80,5 ;97,5
10/2006;97,5 ;97,9 ;82,1 ;90,7 ;103,2
11/2006;95,9 ;96,3 ;83,6 ;90,9 ;102,4
12/2006;87,0 ;86,8 ;76,9 ;72,8 ;92,9
01/2007;87,0 ;86,9 ;77,3 ;81,5 ;85,2
02/2007;82,6 ;82,7 ;74,8 ;75,9 ;81,4
03/2007;96,4 ;96,8 ;90,7 ;96,9 ;92,5
04/2007;90,6 ;90,8 ;81,2 ;87,2 ;87,0
05/2007;99,9 ;100,3 ;95,1 ;99,6 ;96,4
06/2007;96,9 ;97,2 ;88,5 ;91,1 ;95,1
07/2007;99,8 ;100,1 ;92,0 ;93,7 ;97,0
08/2007;104,9 ;105,5 ;101,9 ;103,5 ;104,4
09/2007;98,4 ;98,8 ;94,3 ;93,2 ;99,9
10/2007;107,8 ;108,7 ;104,6 ;110,5 ;110,0
11/2007;102,4 ;103,1 ;102,6 ;104,1 ;107,2
12/2007;92,6 ;92,3 ;90,6 ;79,6 ;95,1
01/2008;94,8 ;94,8 ;90,6 ;93,8 ;91,5
02/2008;91,1 ;91,2 ;94,1 ;90,8 ;83,2
03/2008;97,7 ;98,0 ;102,8 ;102,3 ;90,1
04/2008;99,2 ;99,7 ;106,2 ;106,0 ;92,9
05/2008;102,5 ;102,6 ;102,4 ;102,5 ;97,3
06/2008;103,3 ;103,6 ;110,0 ;104,3 ;96,3
07/2008;108,5 ;108,8 ;114,9 ;104,6 ;101,6
08/2008;106,9 ;107,1 ;114,5 ;109,3 ;101,9
09/2008;107,3 ;107,8 ;119,9 ;108,5 ;106,4
10/2008;108,4 ;108,9 ;124,8 ;107,1 ;111,3
11/2008;96,2 ;96,7 ;110,0 ;77,6 ;104,1
12/2008;79,1 ;79,2 ;80,1 ;48,5 ;91,2
01/2009;78,7 ;78,7 ;79,6 ;68,8 ;81,5
02/2009;76,1 ;76,3 ;73,4 ;72,9 ;78,7
03/2009;88,6 ;88,8 ;82,9 ;93,9 ;90,5
04/2009;85,2 ;85,5 ;77,1 ;87,5 ;87,1
05/2009;91,3 ;91,6 ;81,5 ;91,5 ;93,9
06/2009;92,2 ;92,4 ;84,3 ;93,7 ;91,4
07/2009;97,7 ;98,0 ;88,4 ;99,4 ;98,0
08/2009;99,6 ;100,0 ;88,8 ;104,7 ;101,0
09/2009;99,4 ;100,0 ;94,8 ;102,2 ;101,7
10/2009;105,6 ;106,4 ;104,1 ;113,5 ;109,5
11/2009;101,4 ;102,2 ;106,9 ;107,0 ;104,9
12/2009;94,1 ;94,2 ;99,1 ;88,6 ;96,2
01/2010;91,2 ;91,0 ;89,6 ;92,1 ;86,9
02/2010;89,0 ;89,1 ;91,2 ;92,4 ;86,7
03/2010;105,1 ;105,6 ;114,9 ;119,3 ;101,1
04/2010;99,3 ;99,6 ;104,6 ;105,9 ;94,2
05/2010;104,3 ;104,6 ;110,3 ;108,5 ;98,6
06/2010;102,5 ;102,8 ;106,5 ;99,3 ;97,4
07/2010;106,9 ;107,1 ;108,8 ;100,3 ;103,0
08/2010;108,1 ;108,4 ;114,0 ;111,5 ;105,7
09/2010;105,8 ;106,0 ;111,5 ;105,1 ;107,6
10/2010;107,7 ;108,2 ;111,7 ;111,3 ;110,5
11/2010;106,8 ;107,3 ;118,3 ;114,2 ;108,5
12/2010;96,6 ;96,2 ;105,3 ;94,3 ;97,1
01/2011;93,2 ;92,8 ;96,1 ;96,2 ;89,1
02/2011;95,4 ;95,7 ;109,1 ;107,6 ;91,3
03/2011;104,4 ;104,8 ;116,9 ;110,2 ;100,6
04/2011;97,5 ;97,6 ;104,3 ;97,4 ;93,2
05/2011;107,1 ;107,4 ;118,3 ;106,2 ;102,9
06/2011;102,8 ;102,9 ;114,5 ;97,9 ;96,4
07/2011;106,1 ;106,2 ;114,2 ;101,4 ;102,9
08/2011;110,8 ;111,2 ;126,2 ;112,9 ;108,7
09/2011;104,8 ;105,0 ;113,6 ;95,9 ;105,5
10/2011;106,3 ;106,5 ;113,6 ;100,7 ;108,3
11/2011;104,2 ;104,3 ;116,0 ;101,5 ;107,4
12/2011;95,7 ;95,1 ;108,3 ;88,9 ;96,2
01/2012;88,7 ;88,2 ;79,8 ;86,8 ;88,2
02/2012;89,8 ;89,4 ;98,4 ;82,0 ;89,2
03/2012;99,7 ;99,8 ;112,7 ;104,7 ;99,2
04/2012;92,8 ;92,3 ;97,5 ;92,8 ;91,2
05/2012;102,5 ;102,2 ;106,7 ;102,2 ;99,6
06/2012;98,3 ;98,0 ;96,8 ;96,7 ;94,4
07/2012;104,5 ;104,6 ;103,5 ;101,3 ;102,2
08/2012;111,5 ;112,5 ;110,7 ;117,3 ;110,6
09/2012;103,4 ;104,2 ;96,1 ;101,9 ;105,0
10/2012;111,8 ;112,3 ;108,8 ;117,2 ;115,1
11/2012;104,8 ;105,8 ;100,2 ;111,8 ;110,8
12/2012;92,2 ;90,8 ;88,9 ;85,4 ;94,6
01/2013;94,5 ;94,5 ;98,8 ;99,1 ;93,5
02/2013;88,1 ;88,4 ;103,4 ;84,9 ;86,8
03/2013;97,7 ;98,7 ;113,7 ;105,5 ;94,0
04/2013;101,8 ;103,2 ;120,1 ;111,8 ;100,2
05/2013;105,0 ;106,2 ;114,9 ;108,8 ;103,0
06/2013;101,7 ;102,3 ;112,1 ;103,6 ;99,8
07/2013;108,0 ;109,0 ;117,0 ;104,7 ;106,7
08/2013;112,0 ;113,3 ;122,1 ;114,7 ;111,5
09/2013;107,3 ;108,6 ;119,2 ;109,9 ;108,8
10/2013;112,6 ;113,7 ;127,1 ;117,7 ;115,9
11/2013;106,1 ;106,9 ;113,0 ;109,2 ;110,5
12/2013;90,1 ;88,9 ;85,0 ;83,1 ;93,9
01/2014;92,6 ;92,2 ;99,7 ;94,8 ;92,7
02/2014;92,3 ;93,0 ;112,3 ;104,6 ;93,0
03/2014;97,3 ;97,3 ;106,2 ;100,3 ;96,6
04/2014;96,0 ;96,0 ;103,5 ;98,7 ;96,5
05/2014;101,7 ;101,6 ;104,8 ;96,3 ;104,3
06/2014;94,9 ;94,1 ;89,0 ;69,7 ;96,6
07/2014;104,4 ;104,1 ;105,9 ;91,8 ;108,1
08/2014;106,3 ;105,8 ;104,1 ;96,3 ;108,5
09/2014;105,6 ;105,3 ;107,1 ;104,5 ;111,3
10/2014;109,3 ;108,9 ;111,7 ;109,8 ;116,0
11/2014;99,8 ;99,1 ;100,9 ;96,9 ;106,7
12/2014;87,7 ;84,8 ;75,5 ;75,4 ;92,8
01/2015;88,1 ;85,7 ;84,2 ;82,0 ;88,1
02/2015;83,7 ;81,9 ;83,8 ;77,4 ;84,0
03/2015;94,3 ;92,7 ;93,7 ;94,5 ;94,3
04/2015;88,8 ;86,5 ;80,1 ;82,4 ;87,7
05/2015;93,1 ;90,9 ;77,9 ;81,0 ;93,4
06/2015;92,5 ;90,3 ;74,3 ;69,3 ;94,5
07/2015;95,5 ;93,5 ;76,7 ;79,4 ;98,5
08/2015;97,6 ;95,4 ;70,2 ;82,7 ;101,0
09/2015;94,3 ;92,3 ;73,9 ;75,9 ;103,2
10/2015;97,2 ;95,5 ;75,4 ;78,8 ;107,0
11/2015;87,6 ;86,6 ;69,8 ;69,2 ;101,1
12/2015;77,2 ;74,6 ;51,6 ;56,0 ;88,3
01/2016;76,3 ;74,6 ;54,7 ;58,5 ;82,2
02/2016;75,8 ;74,4 ;63,4 ;54,8 ;82,1
03/2016;83,7 ;82,8 ;72,8 ;71,8 ;91,1
04/2016;83,0 ;82,1 ;68,1 ;63,0 ;91,0
05/2016;86,3 ;84,8 ;70,5 ;66,1 ;91,9
06/2016;87,7 ;86,6 ;73,5 ;64,3 ;93,6
07/2016;89,6 ;88,2 ;68,6 ;66,6 ;92,9
08/2016;93,0 ;91,9 ;74,4 ;73,7 ;99,6
09/2016;90,7 ;89,4 ;70,9 ;70,2 ;99,6
10/2016;90,2 ;88,7 ;69,2 ;72,4 ;99,5
11/2016;86,5 ;84,8 ;72,0 ;74,2 ;96,2
12/2016;77,2 ;73,7 ;60,4 ;59,3 ;85,4
01/2017;77,9 ;74,9 ;58,2 ;61,2 ;84,4
02/2017;75,9 ;73,7 ;65,8 ;66,0 ;81,4
03/2017;85,4 ;83,7 ;76,1 ;78,3 ;92,1
04/2017;79,3 ;77,2 ;64,3 ;63,3 ;82,2
05/2017;90,1 ;88,4 ;76,1 ;79,7 ;93,8
06/2017;88,4 ;86,7 ;74,1 ;67,9 ;92,3
07/2017;92,1 ;90,6 ;73,8 ;72,3 ;96,9
08/2017;96,7 ;95,7 ;81,3 ;87,4 ;103,3
09/2017;93,0 ;91,8 ;75,5 ;81,5 ;99,2
10/2017;95,1 ;94,0 ;79,8 ;85,3 ;104,2
11/2017;90,6 ;89,4 ;77,9 ;85,5 ;98,8
12/2017;81,0 ;78,4 ;66,5 ;71,8 ;86,1
01/2018;82,3 ;79,8 ;68,4 ;73,4 ;86,2
02/2018;77,3 ;75,9 ;70,5 ;76,1 ;80,6
03/2018;86,2 ;85,0 ;82,9 ;90,5 ;90,2
04/2018;86,5 ;85,4 ;79,3 ;86,1 ;90,2
05/2018;84,4 ;81,9 ;71,2 ;70,8 ;85,1
06/2018;91,1 ;89,6 ;80,6 ;77,9 ;94,1
07/2018;95,8 ;94,6 ;79,2 ;84,7 ;98,2
08/2018;98,2 ;97,5 ;89,0 ;96,1 ;102,6
09/2018;90,7 ;89,5 ;78,6 ;78,1 ;97,4
10/2018;95,8 ;94,4 ;88,0 ;91,4 ;104,3
11/2018;89,5 ;87,9 ;79,9 ;83,4 ;98,1
12/2018;78,0 ;74,3 ;63,3 ;62,3 ;84,4
01/2019;80,6 ;77,8 ;63,4 ;70,2 ;84,6
02/2019;79,1 ;79,0 ;75,3 ;85,8 ;83,4
03/2019;81,0 ;80,7 ;73,4 ;76,5 ;85,6
04/2019;83,4 ;84,6 ;79,4 ;86,9 ;89,6
05/2019;91,0 ;91,5 ;86,2 ;90,8 ;95,3
06/2019;85,8 ;85,6 ;76,6 ;73,4 ;89,7
07/2019;93,5 ;93,1 ;84,1 ;86,0 ;99,8
08/2019;96,2 ;95,5 ;85,4 ;91,2 ;102,4
09/2019;91,8 ;91,0 ;79,7 ;84,9 ;99,3
10/2019;97,0 ;96,8 ;86,0 ;98,0 ;108,2
11/2019;88,0 ;87,4 ;77,2 ;84,5 ;99,2
12/2019;76,9 ;74,8 ;59,3 ;63,3 ;85,2
01/2020;79,9 ;79,0 ;65,9 ;71,8 ;83,9
02/2020;78,9 ;78,7 ;71,7 ;76,8 ;81,9
03/2020;77,9 ;77,3 ;70,1 ;68,9 ;79,4
04/2020;60,6 ;58,0 ;38,2 ;13,1 ;67,0
Fonte;IBGE;IBGE;IBGE;IBGE;IBGE
