Data;1465;1484;1497;1523;1549;1562;7485;13005;13006;14007;14034;14061;15866;15898;15930;21960;25391;28025
07/1989;-;-;-;-;-;-;-;28,62;28,35 ;-;-;-;-;-;-;-;-;-
08/1989;-;-;-;-;-;-;-;31,82;31,09 ;-;-;-;-;-;-;-;-;-
09/1989;-;-;-;-;-;-;-;36,28;36,22 ;-;-;-;-;-;-;-;-;-
10/1989;-;-;-;-;-;-;-;36,92;36,25 ;-;-;-;-;-;-;-;-;-
11/1989;-;-;-;-;-;-;-;45,95;45,62 ;-;-;-;-;-;-;-;-;-
12/1989;-;-;-;-;-;-;-;51,73;51,57 ;-;-;-;-;-;-;-;-;-
01/1990;-;-;-;-;-;-;-;74,90;76,01 ;-;-;-;-;-;-;-;-;-
02/1990;-;-;-;-;-;-;-;70,32;69,71 ;-;-;-;-;-;-;-;-;-
03/1990;-;-;-;-;-;-;-;82,04;80,83 ;-;-;-;-;-;-;-;-;-
04/1990;-;-;-;-;-;-;-;14,91;14,61 ;-;-;-;-;-;-;-;-;-
05/1990;-;-;-;-;-;-;-;6,66;7,16 ;-;-;-;-;-;-;-;-;-
06/1990;-;-;-;-;-;-;-;11,66;12,63 ;-;-;-;-;-;-;-;-;-
07/1990;-;-;-;-;-;-;-;12,14;12,35 ;-;-;-;-;-;-;-;-;-
08/1990;-;-;-;-;-;-;-;13,57;12,79 ;-;-;-;-;-;-;-;-;-
09/1990;-;-;-;-;-;-;-;14,03;14,09 ;-;-;-;-;-;-;-;-;-
10/1990;-;-;-;-;-;-;-;12,96;13,28 ;-;-;-;-;-;-;-;-;-
11/1990;-;-;-;-;-;-;-;16,79;16,01 ;-;-;-;-;-;-;-;-;-
12/1990;-;-;-;-;-;-;-;17,27;18,45 ;-;-;-;-;-;-;-;-;-
01/1991;-;-;-;-;-;-;-;21,06;21,81 ;-;-;-;-;-;-;-;-;-
02/1991;-;-;-;-;-;-;-;21,23;22,40 ;-;-;-;-;-;-;-;-;-
03/1991;-;-;-;-;-;-;-;12,01;14,56 ;-;-;-;-;-;-;-;-;-
04/1991;-;-;-;-;-;-;-;6,78;6,39 ;-;-;-;-;-;-;-;-;-
05/1991;-;-;-;-;-;-;-;5,14;4,82 ;-;-;-;-;-;-;-;-;-
06/1991;-;-;-;-;-;-;-;11,54;11,56 ;-;-;-;-;-;-;-;-;-
07/1991;-;-;-;-;-;-;-;10,78;10,57 ;-;-;-;-;-;-;-;-;-
09/1991;-;-;-;-;-;-;-;35,43;34,66 ;-;-;-;-;-;-;-;-;-
10/1991;-;-;-;-;-;-;-;20,68;21,23 ;-;-;-;-;-;-;-;-;-
11/1991;-;-;-;-;-;-;-;25,38;25,41 ;-;-;-;-;-;-;-;-;-
12/1991;-;-;-;-;-;-;-;24,98;24,48 ;-;-;-;-;-;-;-;-;-
01/1992;-;-;-;-;-;-;-;28,08;27,71 ;-;-;-;-;-;-;-;-;-
02/1992;-;-;-;-;-;-;-;24,72;25,35 ;-;-;-;-;-;-;-;-;-
03/1992;-;-;-;-;-;-;-;21,56;21,54 ;-;-;-;-;-;-;-;-;-
04/1992;-;-;-;-;-;-;-;18,84;18,79 ;-;-;-;-;-;-;-;-;-
05/1992;-;-;-;-;-;-;-;25,22;24,46 ;-;-;-;-;-;-;-;-;-
06/1992;-;-;-;-;-;-;-;21,06;21,36 ;-;-;-;-;-;-;-;-;-
07/1992;-;-;-;-;-;-;-;20,54;20,78 ;-;-;-;-;-;-;-;-;-
08/1992;-;-;-;-;-;-;-;23,67;23,96 ;-;-;-;-;-;-;-;-;-
09/1992;-;-;-;-;-;-;-;25,74;25,06 ;-;-;-;-;-;-;-;-;-
10/1992;-;-;-;-;-;-;-;25,70;25,46 ;-;-;-;-;-;-;-;-;-
11/1992;-;-;-;-;-;-;-;22,54;22,58 ;-;-;-;-;-;-;-;-;-
12/1992;-;-;-;-;-;-;-;25,68;26,38 ;-;-;-;-;-;-;-;-;-
01/1993;-;-;-;-;-;-;-;32,68;31,53 ;-;-;-;-;-;-;-;-;-
02/1993;-;-;-;-;-;-;-;24,86;24,09 ;-;-;-;-;-;-;-;-;-
03/1993;-;-;-;-;-;-;-;26,12;25,59 ;-;-;-;-;-;-;-;-;-
04/1993;-;-;-;-;-;-;-;26,98;27,82 ;-;-;-;-;-;-;-;-;-
05/1993;-;-;-;-;-;-;-;28,94;29,25 ;-;-;-;-;-;-;-;-;-
06/1993;-;-;-;-;-;-;-;27,90;28,20 ;-;-;-;-;-;-;-;-;-
07/1993;-;-;-;-;-;-;-;31,71;31,13 ;-;-;-;-;-;-;-;-;-
08/1993;-;-;-;-;-;-;-;31,64;31,85 ;-;-;-;-;-;-;-;-;-
09/1993;-;-;-;-;-;-;-;35,58;35,43 ;-;-;-;-;-;-;-;-;-
10/1993;-;-;-;-;-;-;-;33,34;33,30 ;-;-;-;-;-;-;-;-;-
11/1993;-;-;-;-;-;-;-;37,90;38,49 ;-;-;-;-;-;-;-;-;-
12/1993;-;-;-;-;-;-;-;37,85;38,68 ;-;-;-;-;-;-;-;-;-
01/1994;-;-;-;-;-;-;-;42,87;43,32 ;-;-;-;-;-;-;-;-;-
02/1994;-;-;-;-;-;-;-;39,57;39,44 ;-;-;-;-;-;-;-;-;-
03/1994;-;-;-;-;-;-;-;40,12;40,11 ;-;-;-;-;-;-;-;-;-
04/1994;-;-;-;-;-;-;-;44,30;43,59 ;-;-;-;-;-;-;-;-;-
05/1994;-;-;-;-;-;-;-;41,57;42,03 ;-;-;-;-;-;-;-;-;-
06/1994;-;-;-;-;-;-;-;47,77;48,89 ;-;-;-;-;-;-;-;-;-
07/1994;-;-;-;-;-;-;-;7,34;8,61 ;-;-;-;-;-;-;-;-;-
08/1994;-;-;-;-;-;-;-;1,35;1,33 ;-;-;-;-;-;-;-;-;-
09/1994;-;-;-;-;-;-;-;1,45;1,41 ;-;-;-;-;-;-;-;-;-
10/1994;-;-;-;-;-;-;-;2,51;2,60 ;-;-;-;-;-;-;-;-;-
11/1994;-;-;-;-;-;-;-;3,19;3,55 ;-;-;-;-;-;-;-;-;-
12/1994;-;-;-;-;-;-;-;1,73;1,92 ;-;-;-;-;-;-;-;-;-
01/1995;-;-;-;-;-;-;-;1,96;1,67 ;-;-;-;-;-;-;-;-;-
02/1995;-;-;-;-;-;-;-;0,23;0,23 ;-;-;-;-;-;-;-;-;-
03/1995;-;-;-;-;-;-;-;1,42;1,39 ;-;-;-;-;-;-;-;-;-
04/1995;-;-;-;-;-;-;-;1,77;1,56 ;-;-;-;-;-;-;-;-;-
05/1995;-;-;-;-;-;-;-;2,66;2,40 ;-;-;-;-;-;-;-;-;-
06/1995;-;-;-;-;-;-;-;2,14;1,99 ;-;-;-;-;-;-;-;-;-
07/1995;-;-;-;-;-;-;-;1,82;2,01 ;-;-;-;-;-;-;-;-;-
08/1995;-;-;-;-;-;-;-;0,86;0,93 ;-;-;-;-;-;-;-;-;-
09/1995;-;-;-;-;-;-;-;0,90;0,97 ;-;-;-;-;-;-;-;-;-
10/1995;-;-;-;-;-;-;-;1,08;1,04 ;-;-;-;-;-;-;-;-;-
11/1995;-;-;-;-;-;-;-;1,39;1,11 ;-;-;-;-;-;-;-;-;-
12/1995;-;-;-;-;-;-;-;0,69;0,69 ;-;-;-;-;-;-;-;-;-
01/1996;-;-;-;-;-;-;-;1,14;1,05 ;-;-;-;-;-;-;-;-;-
02/1996;-;-;-;-;-;-;-;0,88;0,28 ;-;-;-;-;-;-;-;-;-
03/1996;-;-;-;-;-;-;-;-0,08;-0,17 ;-;-;-;-;-;-;-;-;-
04/1996;-;-;-;-;-;-;-;0,91;0,58 ;-;-;-;-;-;-;-;-;-
05/1996;-;-;-;-;-;-;-;1,91;2,15 ;-;-;-;-;-;-;-;-;-
06/1996;-;-;-;-;-;-;-;1,18;1,45 ;-;-;-;-;-;-;-;-;-
07/1996;-;-;-;-;-;-;-;0,57;0,40 ;-;-;-;-;-;-;-;-;-
08/1996;-;-;-;-;-;-;-;-0,04;-0,02 ;-;-;-;-;-;-;-;-;-
09/1996;-;-;-;-;-;-;-;-0,04;-0,06 ;-;-;-;-;-;-;-;-;-
10/1996;-;-;-;-;-;-;-;0,12;0,23 ;-;-;-;-;-;-;-;-;-
11/1996;-;-;-;-;-;-;-;0,26;0,25 ;-;-;-;-;-;-;-;-;-
12/1996;-;-;-;-;-;-;-;0,36;0,23 ;-;-;-;-;-;-;-;-;-
01/1997;-;-;-;-;-;-;-;0,86;0,58 ;-;-;-;-;-;-;-;-;-
02/1997;-;-;-;-;-;-;-;0,38;0,20 ;-;-;-;-;-;-;-;-;-
03/1997;-;-;-;-;-;-;-;0,24;0,26 ;-;-;-;-;-;-;-;-;-
04/1997;-;-;-;-;-;-;-;0,72;0,19 ;-;-;-;-;-;-;-;-;-
05/1997;-;-;-;-;-;-;-;0,50;0,36 ;-;-;-;-;-;-;-;-;-
06/1997;-;-;-;-;-;-;-;-0,26;-0,41 ;-;-;-;-;-;-;-;-;-
07/1997;-;-;-;-;-;-;-;-0,22;-0,26 ;-;-;-;-;-;-;-;-;-
08/1997;-;-;-;-;-;-;-;0,02;-0,02 ;-;-;-;-;-;-;-;-;-
09/1997;-;-;-;-;-;-;-;0,12;0,12 ;-;-;-;-;-;-;-;-;-
10/1997;-;-;-;-;-;-;-;-0,02;-0,08 ;-;-;-;-;-;-;-;-;-
11/1997;-;-;-;-;-;-;-;-0,05;-0,23 ;-;-;-;-;-;-;-;-;-
12/1997;-;-;-;-;-;-;-;0,59;0,64 ;-;-;-;-;-;-;-;-;-
01/1998;-;-;-;-;-;-;73,79 ;1,12;1,29 ;-;-;-;-;-;-;-;-;-
02/1998;-;-;-;-;-;-;77,59 ;0,54;0,63 ;-;-;-;-;-;-;-;-;-
03/1998;-;-;-;-;-;-;84,29 ;0,57;0,64 ;-;-;-;-;-;-;-;-;-
04/1998;-;-;-;-;-;-;88,58 ;0,23;0,26 ;-;-;-;-;-;-;-;-;-
05/1998;-;-;-;-;-;-;94,33 ;0,76;1,03 ;-;-;-;-;-;-;-;-;-
06/1998;-;-;-;-;-;-;94,93 ;0,16;0,26 ;-;-;-;-;-;-;-;-;-
07/1998;-;-;-;-;-;-;87,08 ;0,06;0,24 ;-;-;-;-;-;-;-;-;-
08/1998;-;-;-;-;-;-;83,05 ;-0,45;-0,52 ;-;-;-;-;-;-;-;-;-
09/1998;-;-;-;-;-;-;79,76 ;-0,66;-0,72 ;-;-;-;-;-;-;-;-;-
10/1998;-;-;-;-;-;-;82,64 ;0,08;-0,15 ;-;-;-;-;-;-;-;-;-
11/1998;-;-;-;-;-;-;84,00 ;-0,19;-0,31 ;-;-;-;-;-;-;-;-;-
12/1998;-;-;-;-;-;-;84,06 ;0,43;0,42 ;-;-;-;-;-;-;-;-;-
01/1999;-;-;-;-;-;-;87,34 ;0,78;1,03 ;-;-;-;-;-;-;-;-;-
02/1999;-;-;-;-;-;-;90,71 ;1,83;1,53 ;-;-;-;-;-;-;-;-;-
03/1999;-;-;-;-;-;-;87,66 ;0,78;0,72 ;-;-;-;-;-;-;-;-;-
04/1999;-;-;-;-;-;-;85,30 ;0,00;-0,15 ;-;-;-;-;-;-;-;-;-
05/1999;-;-;-;-;-;-;86,71 ;0,23;0,10 ;-;-;-;-;-;-;-;-;-
06/1999;-;-;-;-;-;-;87,53 ;0,60;0,22 ;-;-;-;-;-;-;-;-;-
07/1999;-;-;-;-;-;-;85,65 ;0,68;0,44 ;-;-;-;-;-;-;-;-;-
08/1999;-;-;-;-;-;-;83,98 ;0,22;0,23 ;-;-;-;-;-;-;-;-;-
09/1999;-;-;-;-;-;-;80,87 ;0,26;0,09 ;-;-;-;-;-;-;-;-;-
10/1999;-;-;-;-;-;-;81,65 ;1,32;1,38 ;-;-;-;-;-;-;-;-;-
11/1999;-;-;-;-;-;-;83,49 ;0,84;1,15 ;-;-;-;-;-;-;-;-;-
12/1999;-;-;-;-;-;-;85,24 ;0,53;0,52 ;-;-;-;-;-;-;-;-;-
01/2000;37,50 ;62,00 ;45,80 ;14,80 ;27,10 ;44,80 ;92,07 ;0,50;0,58 ;-;-;-;-;-;-;-;-;-
02/2000;35,30 ;62,20 ;43,60 ;13,90 ;28,80 ;42,30 ;92,76 ;-0,18;-0,34 ;-;-;-;-;-;-;-;-;-
03/2000;34,30 ;60,20 ;46,80 ;12,60 ;27,20 ;45,60 ;94,25 ;0,34;0,33 ;-;-;-;-;-;-;-;-;-
04/2000;35,50 ;60,40 ;48,60 ;14,10 ;27,10 ;47,50 ;91,79 ;0,20;0,00 ;-;-;-;-;-;-;-;-;-
05/2000;38,70 ;61,90 ;46,10 ;19,00 ;30,70 ;44,80 ;81,79 ;0,09;0,05 ;-;-;-;-;-;-;-;-;-
06/2000;37,00 ;62,30 ;46,30 ;15,80 ;29,80 ;45,10 ;80,33 ;0,26;0,21 ;-;-;-;-;-;-;-;-;-
07/2000;40,00 ;64,40 ;49,50 ;18,10 ;30,80 ;48,40 ;80,02 ;1,27;0,94 ;-;-;-;-;-;-;-;-;-
08/2000;40,90 ;60,30 ;53,80 ;18,80 ;32,20 ;53,30 ;86,17 ;1,33;1,07 ;-;-;-;-;-;-;-;-;-
09/2000;37,60 ;63,60 ;50,30 ;14,70 ;28,10 ;49,20 ;92,94 ;0,52;0,88 ;-;-;-;-;-;-;-;-;-
10/2000;38,90 ;60,90 ;51,20 ;14,90 ;31,60 ;50,20 ;94,27 ;0,29;0,32 ;-;-;-;-;-;-;-;-;-
11/2000;40,00 ;58,50 ;52,60 ;15,50 ;30,80 ;51,50 ;93,41 ;-0,21;-0,27 ;-;-;-;-;-;-;-;-;-
12/2000;56,80 ;63,00 ;68,40 ;22,90 ;30,90 ;67,70 ;91,02 ;0,73;0,67 ;-;-;-;-;-;-;-;-;-
01/2001;38,80 ;59,00 ;51,20 ;14,70 ;30,10 ;50,10 ;92,33 ;0,93;1,27 ;-;-;-;-;-;-;-;-;-
02/2001;33,80 ;52,50 ;46,90 ;10,90 ;27,20 ;46,20 ;91,82 ;0,30;0,18 ;-;-;-;-;-;-;-;-;-
03/2001;36,10 ;56,10 ;53,50 ;14,10 ;34,60 ;52,80 ;93,24 ;0,50;0,61 ;-;-;-;-;-;-;-;-;-
04/2001;34,10 ;52,00 ;51,00 ;12,80 ;28,90 ;50,00 ;96,50 ;0,54;0,80 ;-;-;-;-;-;-;-;-;-
05/2001;39,20 ;58,10 ;50,50 ;18,00 ;31,10 ;49,40 ;102,47 ;0,55;0,71 ;-;-;-;-;-;-;-;-;-
06/2001;36,10 ;54,30 ;49,20 ;12,80 ;28,30 ;48,70 ;101,49 ;0,46;0,44 ;-;-;-;-;-;-;-;-;-
07/2001;38,90 ;56,80 ;50,90 ;14,60 ;30,10 ;50,00 ;99,71 ;0,71;0,49 ;-;-;-;-;-;-;-;-;-
08/2001;40,50 ;57,60 ;49,70 ;15,10 ;28,40 ;48,50 ;97,66 ;0,39;0,52 ;-;-;-;-;-;-;-;-;-
09/2001;36,20 ;55,60 ;47,50 ;13,50 ;24,40 ;46,60 ;94,57 ;0,11;0,17 ;-;-;-;-;-;-;-;-;-
10/2001;39,30 ;58,00 ;49,40 ;15,70 ;26,60 ;48,20 ;95,80 ;1,05;1,09 ;-;-;-;-;-;-;-;-;-
11/2001;39,00 ;56,70 ;50,10 ;14,40 ;23,80 ;49,20 ;98,21 ;0,94;1,16 ;-;-;-;-;-;-;-;-;-
12/2001;54,90 ;56,90 ;63,00 ;24,10 ;25,10 ;61,90 ;99,19 ;0,79;0,97 ;-;-;-;-;-;-;-;-;-
01/2002;39,10 ;56,90 ;48,90 ;17,20 ;25,50 ;48,10 ;104,74 ;0,49;1,12 ;-;-;-;-;-;-;91,9 ;-;-
02/2002;34,00 ;53,10 ;45,50 ;13,10 ;25,60 ;44,80 ;104,34 ;0,19;0,50 ;-;-;-;-;-;-;93,0 ;-;-
03/2002;36,70 ;54,50 ;50,90 ;16,00 ;25,90 ;50,20 ;107,70 ;0,70;0,62 ;-;-;-;-;-;-;93,3 ;-;-
04/2002;36,30 ;55,10 ;46,20 ;16,70 ;24,20 ;45,00 ;104,31 ;0,98;0,99 ;-;-;-;-;-;-;94,1 ;-;-
05/2002;41,90 ;56,90 ;49,70 ;22,30 ;22,00 ;48,80 ;104,12 ;0,06;-0,08 ;-;-;-;-;-;-;95,6 ;-;-
06/2002;37,00 ;54,50 ;47,10 ;16,80 ;19,30 ;45,80 ;107,04 ;0,82;1,04 ;-;-;-;-;-;-;96,0 ;-;-
07/2002;41,50 ;62,80 ;50,10 ;19,70 ;27,70 ;49,10 ;110,68 ;1,07;1,02 ;-;-;-;-;-;-;96,1 ;-;-
08/2002;40,90 ;56,50 ;50,70 ;19,80 ;26,10 ;50,00 ;114,55 ;1,44;1,50 ;-;-;-;-;-;-;89,0 ;-;-
09/2002;37,40 ;57,10 ;45,60 ;17,60 ;26,00 ;44,90 ;113,28 ;0,42;0,66 ;-;-;-;-;-;-;94,3 ;-;-
10/2002;39,70 ;60,30 ;47,30 ;20,30 ;27,20 ;46,50 ;110,94 ;1,53;1,75 ;-;-;-;-;-;-;93,4 ;-;-
11/2002;39,50 ;54,60 ;46,40 ;19,60 ;22,80 ;45,90 ;118,80 ;3,24;3,53 ;-;-;-;-;-;-;95,8 ;-;-
12/2002;53,80 ;58,10 ;56,00 ;27,50 ;24,90 ;55,30 ;119,39 ;2,46;2,99 ;-;-;-;-;-;-;99,1 ;-;-
01/2003;36,50 ;52,20 ;43,40 ;18,10 ;24,60 ;42,60 ;132,40 ;2,04;2,36 ;-;-;-;-;-;-;97,7 ;99,74 ;-
02/2003;32,60 ;46,80 ;41,60 ;14,40 ;24,50 ;41,00 ;136,16 ;2,04;2,24 ;-;-;-;-;-;-;95,2 ;99,49 ;-
03/2003;31,70 ;45,10 ;42,50 ;14,70 ;24,20 ;42,20 ;142,43 ;0,66;0,50 ;-;-;-;-;-;-;94,5 ;99,17 ;-
04/2003;33,90 ;46,40 ;42,10 ;15,70 ;25,20 ;41,70 ;149,66 ;1,59;1,76 ;-;-;-;-;-;-;97,8 ;99,31 ;-
05/2003;36,50 ;49,20 ;42,70 ;19,70 ;25,50 ;42,00 ;142,65 ;1,17;1,06 ;-;-;-;-;-;-;90,2 ;99,01 ;-
06/2003;34,20 ;50,40 ;39,50 ;16,60 ;26,50 ;39,00 ;137,80 ;-0,22;-0,19 ;-;-;-;-;-;-;92,0 ;100,94 ;-
07/2003;38,10 ;51,80 ;42,10 ;20,30 ;28,40 ;41,60 ;131,79 ;-0,05;-0,28 ;-;-;-;-;-;-;88,1 ;98,90 ;-
08/2003;38,00 ;52,90 ;44,40 ;18,80 ;26,70 ;43,90 ;128,15 ;0,03;-0,13 ;-;-;-;-;-;-;90,6 ;99,33 ;-
09/2003;35,00 ;52,00 ;41,50 ;16,10 ;28,80 ;40,90 ;126,97 ;0,40;0,36 ;-;-;-;-;-;-;90,5 ;98,83 ;-
10/2003;38,50 ;55,70 ;44,10 ;19,80 ;28,40 ;43,50 ;127,83 ;0,43;0,41 ;-;-;-;-;-;-;94,5 ;98,13 ;-
11/2003;38,90 ;53,50 ;44,30 ;19,60 ;26,00 ;44,00 ;129,20 ;0,29;0,28 ;-;-;-;-;-;-;90,7 ;98,97 ;-
12/2003;55,50 ;57,90 ;56,30 ;31,20 ;33,40 ;55,50 ;127,74 ;0,91;1,30 ;-;-;-;-;-;-;91,5 ;100,16 ;-
01/2004;37,50 ;49,80 ;44,20 ;20,30 ;28,70 ;43,70 ;135,79 ;1,43;1,40 ;2.073 ;3.968 ;6.041 ;11,39 ;3,89 ;5,74 ;94,2 ;100,82 ;-
02/2004;34,10 ;45,50 ;43,80 ;16,10 ;26,40 ;43,40 ;139,17 ;0,88;0,93 ;2.102 ;4.049 ;6.151 ;11,37 ;3,66 ;5,55 ;96,7 ;101,46 ;-
03/2004;36,70 ;49,00 ;46,20 ;18,80 ;32,40 ;45,70 ;143,63 ;0,35;0,44 ;2.143 ;4.024 ;6.167 ;11,03 ;3,44 ;5,32 ;99,2 ;102,01 ;-
04/2004;37,20 ;50,00 ;46,90 ;20,00 ;28,80 ;46,40 ;137,23 ;0,44;0,33 ;2.170 ;4.099 ;6.269 ;10,90 ;3,10 ;5,03 ;95,5 ;102,39 ;-
05/2004;39,50 ;49,40 ;47,40 ;23,40 ;30,70 ;47,00 ;135,94 ;0,53;0,29 ;2.216 ;4.234 ;6.450 ;10,75 ;2,73 ;4,70 ;101,2 ;102,72 ;-
06/2004;37,90 ;48,70 ;45,00 ;20,70 ;31,30 ;44,60 ;138,54 ;0,29;0,20 ;2.258 ;4.263 ;6.521 ;10,72 ;2,69 ;4,68 ;100,8 ;103,72 ;-
07/2004;41,90 ;53,70 ;49,00 ;25,50 ;34,10 ;48,70 ;144,19 ;0,36;0,02 ;2.326 ;4.231 ;6.556 ;10,35 ;2,82 ;4,72 ;106,1 ;104,86 ;-
08/2004;40,00 ;51,40 ;48,70 ;22,60 ;31,70 ;48,70 ;139,70 ;0,59;0,40 ;2.307 ;4.131 ;6.438 ;9,97 ;2,88 ;4,73 ;105,9 ;105,60 ;-
09/2004;38,00 ;50,80 ;45,60 ;20,50 ;31,60 ;45,50 ;135,69 ;0,15;0,00 ;2.358 ;4.201 ;6.559 ;10,74 ;2,68 ;4,83 ;111,8 ;107,24 ;-
10/2004;40,90 ;52,00 ;49,80 ;24,20 ;31,50 ;49,70 ;127,41 ;0,38;0,18 ;2.443 ;4.240 ;6.683 ;10,60 ;2,49 ;4,66 ;111,1 ;106,83 ;-
11/2004;41,50 ;49,60 ;48,70 ;25,60 ;30,10 ;48,30 ;124,68 ;0,59;0,31 ;2.459 ;4.217 ;6.676 ;10,17 ;2,52 ;4,65 ;109,6 ;107,85 ;-
12/2004;62,50 ;53,40 ;66,50 ;39,10 ;34,70 ;66,50 ;124,73 ;1,00;1,03 ;2.592 ;4.193 ;6.786 ;9,73 ;2,50 ;4,55 ;109,1 ;109,59 ;-
01/2005;41,20 ;50,00 ;44,60 ;28,30 ;29,40 ;44,30 ;125,20 ;1,01;1,22 ;2.728 ;4.202 ;6.930 ;9,54 ;2,55 ;4,56 ;105,1 ;106,86 ;-
02/2005;37,50 ;49,60 ;45,20 ;21,30 ;25,40 ;43,30 ;124,91 ;0,32;0,39 ;2.807 ;4.205 ;7.011 ;9,26 ;3,51 ;5,18 ;101,1 ;106,55 ;-
03/2005;41,40 ;51,00 ;50,90 ;25,20 ;31,00 ;48,90 ;127,42 ;0,56;0,48 ;2.845 ;4.209 ;7.053 ;9,20 ;2,64 ;4,59 ;99,3 ;106,62 ;-
04/2005;42,40 ;49,80 ;51,60 ;27,20 ;32,00 ;49,80 ;134,36 ;0,62;0,45 ;2.932 ;4.279 ;7.212 ;9,77 ;2,56 ;4,71 ;104,1 ;107,51 ;-
05/2005;45,90 ;52,30 ;52,70 ;32,30 ;34,00 ;50,40 ;142,41 ;0,29;0,17 ;3.005 ;4.270 ;7.276 ;9,10 ;2,39 ;4,42 ;106,3 ;107,60 ;-
06/2005;46,00 ;53,00 ;56,60 ;27,70 ;34,80 ;54,40 ;145,20 ;0,09;0,01 ;3.049 ;4.221 ;7.270 ;8,53 ;2,40 ;4,29 ;100,9 ;108,10 ;-
07/2005;48,50 ;57,50 ;59,60 ;29,40 ;39,90 ;57,70 ;140,29 ;0,22;-0,04 ;3.144 ;4.235 ;7.379 ;8,57 ;2,45 ;4,35 ;101,1 ;109,12 ;-
08/2005;49,40 ;59,00 ;60,10 ;30,30 ;36,80 ;58,00 ;134,42 ;0,18;-0,01 ;3.194 ;4.276 ;7.470 ;8,57 ;2,52 ;4,43 ;100,7 ;108,75 ;-
09/2005;46,60 ;55,20 ;57,30 ;30,40 ;36,50 ;55,20 ;132,44 ;0,42;0,24 ;3.210 ;4.368 ;7.578 ;8,34 ;2,41 ;4,29 ;96,8 ;108,72 ;-
10/2005;48,30 ;56,20 ;58,80 ;31,40 ;33,80 ;56,70 ;129,92 ;0,73;0,61 ;3.260 ;4.454 ;7.715 ;8,37 ;2,39 ;4,28 ;95,8 ;110,16 ;-
11/2005;49,80 ;55,50 ;58,20 ;34,00 ;37,80 ;56,20 ;130,31 ;0,42;0,35 ;3.348 ;4.601 ;7.949 ;7,99 ;2,62 ;4,31 ;101,2 ;111,24 ;-
12/2005;69,20 ;62,40 ;73,70 ;44,20 ;41,80 ;71,50 ;133,04 ;0,66;0,64 ;3.448 ;4.778 ;8.226 ;7,70 ;2,42 ;4,07 ;101,2 ;112,17 ;-
01/2006;48,80 ;56,50 ;58,70 ;33,70 ;37,20 ;56,70 ;132,17 ;0,56;0,51 ;3.582 ;4.722 ;8.304 ;7,77 ;2,50 ;4,19 ;113,6 ;114,23 ;-
02/2006;41,90 ;38,70 ;51,80 ;30,20 ;34,80 ;50,20 ;127,50 ;0,36;0,25 ;3.727 ;4.822 ;8.549 ;7,57 ;2,55 ;4,17 ;108,2 ;114,54 ;-
03/2006;45,00 ;40,60 ;55,30 ;33,40 ;44,20 ;53,60 ;125,03 ;0,37;0,35 ;3.781 ;4.806 ;8.586 ;7,75 ;2,61 ;4,31 ;109,2 ;116,40 ;-
04/2006;44,40 ;38,20 ;57,10 ;29,90 ;36,40 ;55,50 ;126,99 ;0,50;0,31 ;3.889 ;4.834 ;8.722 ;7,87 ;2,65 ;4,39 ;108,6 ;117,29 ;-
05/2006;50,70 ;41,30 ;56,70 ;42,40 ;48,20 ;55,60 ;133,77 ;-0,30;-0,48 ;3.926 ;4.990 ;8.916 ;8,11 ;2,68 ;4,47 ;108,5 ;119,75 ;-
06/2006;48,50 ;39,60 ;57,90 ;36,90 ;43,00 ;57,30 ;137,18 ;-0,20;-0,42 ;4.064 ;4.943 ;9.007 ;7,76 ;2,71 ;4,41 ;108,4 ;119,71 ;-
07/2006;50,10 ;42,90 ;58,70 ;36,10 ;48,70 ;58,00 ;134,83 ;0,31;0,22 ;4.157 ;5.075 ;9.232 ;7,83 ;2,72 ;4,44 ;114,4 ;122,07 ;-
08/2006;52,00 ;44,90 ;61,80 ;37,90 ;51,50 ;61,30 ;129,46 ;-0,04;-0,20 ;4.239 ;5.122 ;9.361 ;7,62 ;2,48 ;4,24 ;108,2 ;120,99 ;-
09/2006;51,30 ;46,90 ;61,50 ;36,60 ;48,70 ;61,10 ;126,15 ;0,23;0,18 ;4.359 ;5.329 ;9.687 ;7,35 ;2,32 ;4,02 ;107,4 ;120,38 ;-
10/2006;54,00 ;47,50 ;61,60 ;41,60 ;50,90 ;61,00 ;128,00 ;0,30;0,44 ;4.419 ;5.366 ;9.785 ;7,28 ;2,37 ;4,04 ;105,4 ;121,48 ;-
11/2006;56,60 ;47,40 ;60,90 ;45,90 ;52,70 ;60,40 ;129,27 ;0,27;0,42 ;4.575 ;5.313 ;9.888 ;7,10 ;2,36 ;4,01 ;107,8 ;120,10 ;-
12/2006;76,90 ;49,80 ;76,50 ;57,50 ;48,80 ;75,80 ;132,92 ;0,23;0,31 ;4.638 ;5.124 ;9.762 ;6,76 ;2,41 ;3,99 ;108,5 ;120,56 ;-
01/2007;55,20 ;48,10 ;63,00 ;43,70 ;51,30 ;62,30 ;128,18 ;0,32;0,36 ;4.821 ;5.050 ;9.871 ;6,60 ;2,46 ;4,01 ;108,0 ;120,87 ;-
02/2007;48,40 ;41,30 ;60,20 ;38,20 ;39,20 ;59,90 ;142,93 ;0,12;0,13 ;4.950 ;5.144 ;10.094 ;6,52 ;2,32 ;3,89 ;109,2 ;121,52 ;-
03/2007;52,90 ;45,60 ;64,00 ;38,00 ;55,00 ;63,70 ;156,40 ;0,40;0,38 ;5.054 ;5.191 ;10.245 ;6,45 ;2,17 ;3,77 ;107,3 ;120,95 ;-
04/2007;50,80 ;44,00 ;63,70 ;34,50 ;50,30 ;63,50 ;151,12 ;0,39;0,38 ;5.060 ;5.292 ;10.352 ;6,61 ;2,10 ;3,82 ;108,1 ;121,00 ;-
05/2007;56,70 ;48,70 ;59,70 ;45,90 ;56,70 ;59,30 ;139,79 ;-0,10;-0,09 ;5.342 ;5.345 ;10.687 ;6,55 ;2,56 ;4,11 ;115,3 ;121,76 ;-
06/2007;54,20 ;50,20 ;58,30 ;41,10 ;53,70 ;57,90 ;136,85 ;-0,09;-0,13 ;5.543 ;5.423 ;10.966 ;6,23 ;2,62 ;4,04 ;110,8 ;121,62 ;-
07/2007;55,70 ;52,00 ;59,80 ;41,90 ;55,40 ;59,20 ;130,83 ;0,50;0,53 ;5.703 ;5.562 ;11.265 ;6,36 ;2,57 ;4,07 ;107,6 ;121,66 ;-
08/2007;57,60 ;52,60 ;59,80 ;45,60 ;59,90 ;59,40 ;141,53 ;0,92;0,74 ;5.865 ;5.752 ;11.617 ;6,28 ;2,92 ;4,26 ;107,3 ;121,50 ;-
09/2007;54,70 ;51,30 ;57,30 ;44,60 ;54,10 ;56,70 ;147,75 ;0,49;0,80 ;6.094 ;5.910 ;12.003 ;6,14 ;2,67 ;4,06 ;110,6 ;124,53 ;-
10/2007;59,80 ;55,50 ;60,50 ;49,70 ;60,50 ;59,90 ;146,96 ;0,33;0,38 ;6.204 ;5.929 ;12.133 ;6,09 ;2,80 ;4,13 ;111,1 ;130,57 ;-
11/2007;59,60 ;55,20 ;59,60 ;47,80 ;63,00 ;59,10 ;146,71 ;0,06;0,25 ;6.475 ;6.140 ;12.615 ;6,17 ;2,57 ;4,04 ;110,2 ;126,00 ;-
12/2007;80,80 ;57,60 ;75,10 ;60,50 ;62,20 ;74,70 ;158,35 ;0,76;0,82 ;6.729 ;6.389 ;13.118 ;6,12 ;2,48 ;3,96 ;112,6 ;128,14 ;-
01/2008;60,40 ;53,20 ;60,90 ;51,70 ;62,50 ;60,50 ;164,69 ;0,79;0,74 ;6.965 ;6.535 ;13.501 ;6,10 ;2,47 ;3,95 ;104,6 ;126,21 ;-
02/2008;50,80 ;49,10 ;56,00 ;39,50 ;55,10 ;55,50 ;171,94 ;0,65;0,84 ;7.181 ;6.672 ;13.853 ;6,11 ;2,27 ;3,84 ;111,5 ;126,95 ;-
03/2008;55,10 ;51,20 ;61,70 ;40,60 ;57,70 ;61,20 ;175,11 ;0,44;0,43 ;7.264 ;7.092 ;14.356 ;6,08 ;2,13 ;3,71 ;117,5 ;129,18 ;-
04/2008;56,00 ;52,50 ;60,40 ;43,00 ;67,20 ;60,00 ;188,83 ;0,36;0,43 ;7.456 ;7.453 ;14.909 ;6,12 ;1,89 ;3,57 ;110,5 ;128,06 ;-
05/2008;62,40 ;56,90 ;62,10 ;52,10 ;66,00 ;61,80 ;196,79 ;0,66;0,83 ;7.751 ;7.504 ;15.256 ;6,36 ;1,84 ;3,66 ;109,8 ;131,33 ;-
06/2008;58,10 ;59,30 ;58,20 ;46,00 ;65,00 ;57,80 ;196,11 ;0,68;0,81 ;8.010 ;7.725 ;15.735 ;6,21 ;1,83 ;3,60 ;112,6 ;132,64 ;-
07/2008;62,00 ;60,60 ;62,80 ;47,20 ;74,80 ;62,50 ;199,49 ;0,70;0,60 ;8.268 ;7.772 ;16.040 ;6,24 ;1,87 ;3,66 ;112,1 ;132,71 ;-
08/2008;62,80 ;61,60 ;63,10 ;50,90 ;68,30 ;62,80 ;178,37 ;0,25;0,02 ;8.526 ;8.299 ;16.825 ;6,55 ;1,78 ;3,69 ;116,0 ;134,36 ;-
09/2008;61,40 ;63,00 ;60,20 ;52,40 ;82,30 ;59,70 ;169,67 ;0,40;0,38 ;8.643 ;8.646 ;17.289 ;6,24 ;1,74 ;3,53 ;111,1 ;132,33 ;-
10/2008;62,80 ;68,10 ;63,30 ;48,70 ;68,30 ;62,90 ;183,36 ;0,54;0,69 ;9.049 ;8.882 ;17.931 ;6,07 ;1,59 ;3,37 ;113,9 ;135,05 ;-
11/2008;63,40 ;65,20 ;64,80 ;49,60 ;53,40 ;64,40 ;187,44 ;0,36;0,27 ;9.231 ;9.284 ;18.516 ;6,06 ;1,52 ;3,28 ;108,0 ;127,25 ;-
12/2008;86,00 ;68,50 ;80,30 ;64,60 ;62,20 ;79,90 ;197,32 ;0,27;0,28 ;9.343 ;9.370 ;18.713 ;5,98 ;1,57 ;3,30 ;102,9 ;128,26 ;-
01/2009;63,00 ;63,80 ;66,20 ;48,90 ;62,40 ;65,80 ;187,21 ;0,15;0,16 ;9.527 ;9.603 ;19.130 ;6,11 ;1,70 ;3,41 ;102,9 ;127,95 ;-
02/2009;55,10 ;55,50 ;63,20 ;40,60 ;59,30 ;62,90 ;183,16 ;0,02;-0,13 ;9.645 ;9.805 ;19.449 ;6,26 ;1,84 ;3,54 ;104,4 ;129,51 ;-
03/2009;60,80 ;60,70 ;66,20 ;46,40 ;69,50 ;65,50 ;179,20 ;0,11;0,04 ;9.591 ;9.772 ;19.363 ;6,35 ;1,98 ;3,68 ;105,7 ;129,83 ;-
04/2009;60,70 ;63,10 ;69,10 ;43,30 ;63,30 ;68,40 ;186,28 ;0,43;0,55 ;9.762 ;9.950 ;19.713 ;6,28 ;2,10 ;3,73 ;110,4 ;130,61 ;-
05/2009;69,20 ;67,60 ;70,60 ;62,00 ;69,90 ;69,70 ;185,33 ;0,64;0,75 ;9.955 ;10.009 ;19.964 ;6,58 ;2,17 ;3,91 ;103,0 ;130,48 ;-
06/2009;64,40 ;66,00 ;67,70 ;53,70 ;90,20 ;67,40 ;188,67 ;0,81;0,99 ;10.148 ;9.962 ;20.110 ;6,56 ;2,29 ;4,00 ;101,1 ;131,99 ;-
07/2009;68,30 ;64,60 ;70,10 ;56,00 ;78,30 ;69,70 ;182,12 ;0,35;0,20 ;10.371 ;10.027 ;20.398 ;6,53 ;2,45 ;4,10 ;104,9 ;133,49 ;-
08/2009;67,40 ;67,20 ;71,90 ;54,10 ;78,60 ;71,60 ;176,57 ;0,40;0,43 ;10.528 ;10.283 ;20.811 ;6,41 ;2,28 ;3,95 ;104,4 ;134,57 ;-
09/2009;65,30 ;67,10 ;69,80 ;54,30 ;94,60 ;69,50 ;172,47 ;0,35;0,29 ;10.715 ;10.195 ;20.910 ;6,38 ;2,33 ;4,00 ;105,5 ;135,67 ;-
10/2009;71,60 ;70,50 ;77,90 ;56,60 ;79,30 ;77,60 ;170,29 ;0,15;0,16 ;10.962 ;11.114 ;22.076 ;6,42 ;2,26 ;3,92 ;111,7 ;136,93 ;-
11/2009;68,50 ;63,20 ;73,70 ;54,20 ;72,10 ;73,40 ;182,16 ;0,64;0,47 ;11.353 ;11.370 ;22.722 ;6,29 ;2,46 ;3,98 ;115,1 ;136,71 ;-
12/2009;97,00 ;70,50 ;96,60 ;73,60 ;80,10 ;96,50 ;176,96 ;0,30;0,27 ;11.488 ;11.583 ;23.071 ;5,84 ;2,47 ;3,83 ;116,1 ;139,19 ;-
01/2010;71,30 ;65,70 ;79,20 ;59,60 ;75,40 ;79,00 ;175,86 ;0,52;0,74 ;12.142 ;11.661 ;23.803 ;5,92 ;2,47 ;3,86 ;121,6 ;141,76 ;-
02/2010;65,20 ;60,60 ;76,50 ;53,90 ;71,90 ;76,30 ;176,89 ;0,10;0,89 ;12.125 ;11.966 ;24.090 ;5,87 ;2,49 ;3,83 ;116,8 ;141,17 ;-
03/2010;73,20 ;70,90 ;84,00 ;57,10 ;110,40 ;83,80 ;182,43 ;0,48;0,51 ;12.164 ;12.245 ;24.409 ;5,74 ;2,46 ;3,76 ;117,3 ;143,30 ;-
04/2010;70,90 ;65,50 ;81,80 ;56,60 ;78,20 ;81,60 ;187,21 ;0,86;0,84 ;12.465 ;12.530 ;24.995 ;5,73 ;2,49 ;3,78 ;121,8 ;142,70 ;-
05/2010;76,10 ;63,60 ;80,40 ;68,90 ;86,00 ;80,20 ;185,73 ;0,99;0,92 ;12.764 ;12.649 ;25.413 ;5,74 ;2,50 ;3,80 ;119,7 ;141,54 ;-
06/2010;72,20 ;63,60 ;80,80 ;59,60 ;84,40 ;80,50 ;181,92 ;-0,04;-0,14 ;13.103 ;13.422 ;26.525 ;5,60 ;2,46 ;3,69 ;121,4 ;141,44 ;-
07/2010;77,10 ;68,30 ;85,00 ;59,40 ;92,80 ;84,90 ;181,73 ;0,09;-0,04 ;13.302 ;14.132 ;27.434 ;5,59 ;2,43 ;3,64 ;118,3 ;142,27 ;-
08/2010;77,40 ;69,70 ;86,00 ;62,50 ;100,80 ;85,80 ;179,50 ;-0,01;-0,02 ;13.432 ;14.442 ;27.873 ;5,47 ;2,03 ;3,37 ;114,4 ;142,09 ;-
09/2010;75,10 ;69,70 ;83,30 ;61,00 ;95,60 ;83,20 ;185,12 ;0,41;0,48 ;13.789 ;14.960 ;28.750 ;5,22 ;1,90 ;3,17 ;113,3 ;143,70 ;-
10/2010;78,40 ;69,70 ;86,70 ;63,10 ;97,80 ;86,50 ;193,38 ;0,62;0,84 ;14.144 ;15.650 ;29.794 ;5,43 ;1,85 ;3,20 ;106,6 ;143,80 ;-
11/2010;80,30 ;69,10 ;88,80 ;66,90 ;102,50 ;88,70 ;208,91 ;1,55;1,82 ;14.412 ;15.880 ;30.292 ;5,34 ;1,88 ;3,20 ;105,5 ;145,45 ;-
12/2010;108,10 ;71,20 ;112,10 ;84,70 ;113,80 ;112,40 ;205,65 ;0,78;0,73 ;14.904 ;15.994 ;30.898 ;4,89 ;1,91 ;3,06 ;105,2 ;145,42 ;-
01/2011;80,10 ;64,50 ;89,60 ;68,50 ;88,50 ;89,50 ;216,45 ;0,66;0,76 ;15.286 ;16.236 ;31.522 ;5,07 ;1,94 ;3,15 ;103,5 ;145,04 ;85,30
02/2011;73,20 ;59,70 ;83,60 ;62,80 ;102,00 ;83,60 ;213,75 ;0,22;0,20 ;15.481 ;16.490 ;31.971 ;4,45 ;1,94 ;2,90 ;105,3 ;146,52 ;80,00
03/2011;79,90 ;62,10 ;91,80 ;75,20 ;95,80 ;91,80 ;218,89 ;1,49;1,45 ;15.563 ;16.821 ;32.384 ;4,56 ;1,96 ;2,95 ;106,0 ;147,10 ;83,70
04/2011;76,80 ;59,30 ;93,20 ;60,40 ;94,40 ;93,30 ;212,62 ;0,64;0,62 ;15.846 ;17.178 ;33.024 ;4,74 ;2,13 ;3,13 ;100,2 ;147,02 ;82,80
05/2011;81,20 ;64,00 ;87,80 ;73,40 ;105,90 ;87,60 ;218,01 ;0,29;0,28 ;16.103 ;17.421 ;33.524 ;4,92 ;2,45 ;3,40 ;102,4 ;153,24 ;82,70
06/2011;79,40 ;63,20 ;87,80 ;68,00 ;100,50 ;87,60 ;225,94 ;0,22;0,21 ;16.498 ;17.708 ;34.206 ;4,86 ;2,36 ;3,32 ;101,5 ;151,65 ;83,30
07/2011;84,10 ;68,00 ;91,90 ;73,40 ;103,70 ;91,70 ;214,71 ;0,32;0,28 ;16.925 ;17.922 ;34.847 ;5,02 ;2,41 ;3,42 ;94,5 ;151,35 ;84,50
08/2011;83,70 ;69,90 ;93,90 ;70,80 ;108,30 ;93,60 ;205,84 ;0,37;0,37 ;17.116 ;18.097 ;35.213 ;5,03 ;2,41 ;3,44 ;97,7 ;151,34 ;85,30
09/2011;81,10 ;68,70 ;87,10 ;75,70 ;108,90 ;86,90 ;203,20 ;0,37;0,19 ;17.593 ;18.816 ;36.410 ;5,10 ;2,08 ;3,25 ;98,6 ;150,51 ;85,80
10/2011;83,90 ;70,30 ;90,60 ;72,80 ;97,80 ;90,40 ;198,68 ;0,46;0,39 ;17.896 ;18.963 ;36.859 ;5,39 ;2,15 ;3,41 ;97,9 ;146,73 ;84,60
11/2011;82,70 ;70,20 ;88,90 ;69,10 ;106,30 ;88,60 ;206,44 ;0,74;0,86 ;18.218 ;19.487 ;37.705 ;6,04 ;2,23 ;3,71 ;96,1 ;147,12 ;87,40
12/2011;112,70 ;76,40 ;111,80 ;100,80 ;115,40 ;111,60 ;215,21 ;0,50;0,61 ;18.638 ;19.534 ;38.172 ;6,09 ;2,28 ;3,78 ;100,1 ;147,44 ;87,60
01/2012;83,40 ;73,10 ;88,90 ;79,60 ;103,40 ;88,20 ;218,06 ;0,07;0,03 ;18.578 ;19.172 ;37.750 ;5,41 ;2,62 ;3,86 ;98,7 ;147,08 ;87,90
02/2012;80,60 ;69,90 ;92,20 ;72,50 ;85,70 ;92,70 ;214,23 ;0,15;0,20 ;18.727 ;19.237 ;37.964 ;6,03 ;2,72 ;4,24 ;98,4 ;148,16 ;87,80
03/2012;85,00 ;73,00 ;95,60 ;78,10 ;99,60 ;95,60 ;211,39 ;0,81;0,63 ;18.986 ;19.441 ;38.427 ;6,03 ;2,73 ;4,26 ;99,7 ;148,30 ;91,60
04/2012;83,60 ;74,60 ;95,90 ;75,80 ;91,50 ;96,00 ;218,87 ;0,67;0,66 ;19.342 ;19.726 ;39.068 ;5,83 ;2,87 ;4,34 ;98,4 ;147,28 ;87,70
05/2012;89,10 ;77,40 ;94,40 ;94,80 ;101,00 ;94,40 ;234,00 ;0,35;0,47 ;19.717 ;19.833 ;39.550 ;5,95 ;2,87 ;4,41 ;100,3 ;147,41 ;88,40
06/2012;88,10 ;82,10 ;96,40 ;82,90 ;128,30 ;96,40 ;235,70 ;-0,26;-0,13 ;19.969 ;19.887 ;39.856 ;5,85 ;2,82 ;4,34 ;97,1 ;148,48 ;90,00
07/2012;93,60 ;86,20 ;101,60 ;90,80 ;129,20 ;101,40 ;240,80 ;0,54;0,66 ;20.287 ;19.904 ;40.191 ;5,86 ;2,93 ;4,41 ;98,1 ;148,30 ;91,60
08/2012;94,30 ;84,70 ;100,70 ;94,00 ;135,60 ;100,20 ;245,75 ;0,66;0,83 ;20.643 ;20.165 ;40.808 ;5,89 ;2,93 ;4,43 ;98,0 ;148,43 ;92,70
09/2012;89,60 ;83,30 ;98,70 ;83,90 ;95,10 ;98,50 ;248,79 ;0,67;0,77 ;20.707 ;20.491 ;41.198 ;6,00 ;2,82 ;4,42 ;100,8 ;149,24 ;92,20
10/2012;94,70 ;90,00 ;99,80 ;93,90 ;116,60 ;98,90 ;255,11 ;0,86;0,97 ;21.009 ;20.374 ;41.382 ;5,96 ;2,94 ;4,47 ;101,4 ;151,06 ;94,20
11/2012;93,60 ;86,30 ;97,60 ;90,70 ;107,80 ;96,80 ;244,55 ;0,72;0,69 ;21.418 ;21.141 ;42.560 ;5,75 ;2,83 ;4,30 ;104,4 ;154,08 ;91,90
12/2012;119,30 ;93,40 ;118,30 ;125,40 ;116,60 ;118,10 ;252,78 ;1,27;1,32 ;21.730 ;22.111 ;43.841 ;5,76 ;2,80 ;4,27 ;102,7 ;151,75 ;94,80
01/2013;91,60 ;93,00 ;94,30 ;92,30 ;99,80 ;93,40 ;258,32 ;1,01;1,24 ;22.022 ;21.914 ;43.935 ;5,49 ;2,82 ;4,16 ;111,5 ;154,32 ;92,20
02/2013;79,10 ;76,50 ;89,10 ;66,90 ;80,10 ;89,00 ;276,98 ;0,72;0,92 ;22.134 ;22.100 ;44.234 ;5,47 ;2,91 ;4,19 ;105,9 ;151,58 ;95,60
03/2013;89,60 ;87,60 ;100,40 ;78,10 ;93,10 ;100,80 ;280,69 ;0,61;0,63 ;22.411 ;22.279 ;44.690 ;5,58 ;2,83 ;4,21 ;104,4 ;151,92 ;94,00
04/2013;87,50 ;88,60 ;91,70 ;85,30 ;100,70 ;89,80 ;291,08 ;0,78;0,90 ;22.842 ;22.603 ;45.445 ;5,50 ;2,77 ;4,14 ;111,6 ;152,43 ;98,10
05/2013;93,70 ;92,60 ;93,10 ;103,90 ;98,50 ;92,50 ;296,82 ;0,32;0,36 ;23.317 ;22.804 ;46.121 ;5,48 ;4,70 ;5,09 ;108,1 ;153,77 ;98,30
06/2013;87,60 ;83,70 ;93,60 ;83,80 ;90,10 ;93,60 ;292,86 ;0,09;0,01 ;23.558 ;23.093 ;46.650 ;5,33 ;2,74 ;4,05 ;107,8 ;151,95 ;98,00
07/2013;96,00 ;91,20 ;98,20 ;96,90 ;114,30 ;98,20 ;275,27 ;0,19;0,08 ;24.053 ;22.935 ;46.988 ;5,20 ;2,73 ;4,00 ;111,0 ;153,13 ;103,10
08/2013;97,40 ;95,30 ;100,90 ;98,00 ;104,80 ;101,00 ;264,38 ;-0,11;-0,10 ;24.349 ;23.105 ;47.454 ;5,05 ;2,65 ;3,88 ;111,6 ;152,77 ;97,20
09/2013;92,60 ;91,10 ;96,60 ;93,70 ;97,20 ;96,70 ;258,37 ;0,41;0,51 ;24.647 ;23.295 ;47.942 ;5,00 ;2,68 ;3,87 ;111,1 ;154,08 ;95,80
10/2013;97,00 ;96,80 ;100,20 ;95,50 ;103,00 ;99,70 ;260,25 ;0,44;0,48 ;24.917 ;23.410 ;48.327 ;4,89 ;2,83 ;3,89 ;117,6 ;156,06 ;98,50
11/2013;98,60 ;96,10 ;99,70 ;98,90 ;104,90 ;99,40 ;269,28 ;0,99;1,10 ;25.255 ;23.808 ;49.063 ;4,72 ;2,58 ;3,68 ;112,4 ;158,12 ;96,60
12/2013;125,00 ;100,60 ;118,10 ;131,50 ;117,40 ;117,80 ;273,47 ;0,75;0,61 ;25.772 ;24.410 ;50.182 ;4,56 ;2,47 ;3,54 ;105,9 ;156,67 ;95,40
01/2014;99,20 ;99,50 ;98,10 ;102,30 ;106,20 ;98,00 ;274,60 ;0,45;0,49 ;26.080 ;24.480 ;50.561 ;4,45 ;2,47 ;3,49 ;107,2 ;157,19 ;96,00
02/2014;90,50 ;92,50 ;94,50 ;87,70 ;91,90 ;94,70 ;269,81 ;0,19;0,19 ;26.258 ;24.681 ;50.939 ;4,37 ;2,36 ;3,40 ;107,3 ;157,19 ;99,90
03/2014;93,90 ;98,60 ;100,60 ;89,30 ;85,50 ;101,00 ;286,41 ;0,70;0,58 ;26.333 ;24.804 ;51.137 ;4,40 ;2,37 ;3,42 ;107,9 ;158,02 ;98,30
04/2014;95,50 ;98,10 ;99,00 ;92,40 ;97,90 ;99,60 ;288,42 ;1,08;1,21 ;26.716 ;24.905 ;51.621 ;4,49 ;2,51 ;3,54 ;109,9 ;158,01 ;100,00
05/2014;102,90 ;101,90 ;98,90 ;121,30 ;102,40 ;98,80 ;304,06 ;0,95;1,02 ;27.217 ;25.117 ;52.334 ;4,60 ;2,83 ;3,75 ;108,3 ;158,21 ;100,60
06/2014;93,70 ;91,60 ;97,80 ;89,70 ;81,80 ;97,50 ;298,01 ;0,35;0,39 ;27.507 ;25.393 ;52.899 ;4,51 ;2,71 ;3,65 ;100,1 ;154,89 ;99,00
07/2014;98,40 ;99,10 ;100,60 ;91,50 ;99,50 ;100,10 ;287,19 ;-0,17;-0,19 ;27.837 ;25.392 ;53.229 ;4,58 ;2,64 ;3,65 ;108,8 ;158,56 ;98,70
08/2014;98,40 ;101,60 ;101,90 ;87,40 ;95,70 ;102,00 ;278,68 ;0,07;-0,05 ;28.163 ;25.478 ;53.641 ;4,59 ;2,66 ;3,67 ;109,6 ;160,57 ;98,10
09/2014;96,40 ;102,20 ;96,10 ;96,80 ;112,80 ;96,00 ;277,37 ;0,45;0,45 ;28.422 ;25.941 ;54.363 ;4,40 ;2,38 ;3,44 ;109,2 ;160,47 ;101,00
10/2014;100,20 ;107,60 ;98,70 ;97,70 ;104,00 ;98,40 ;277,60 ;0,38;0,42 ;28.826 ;26.606 ;55.432 ;4,31 ;2,41 ;3,40 ;106,0 ;157,43 ;105,90
11/2014;103,40 ;100,60 ;97,90 ;112,00 ;107,00 ;98,20 ;280,59 ;0,81;0,64 ;29.208 ;27.341 ;56.550 ;4,18 ;2,38 ;3,31 ;106,3 ;158,79 ;101,30
12/2014;127,70 ;106,80 ;115,80 ;131,90 ;115,30 ;115,70 ;280,39 ;0,63;0,49 ;29.893 ;28.721 ;58.614 ;3,94 ;2,10 ;3,04 ;106,2 ;159,00 ;101,60
01/2015;101,10 ;100,10 ;96,80 ;103,00 ;97,70 ;96,90 ;288,99 ;0,81;0,64 ;30.237 ;28.578 ;58.815 ;3,92 ;2,01 ;2,99 ;102,1 ;157,89 ;94,70
02/2015;85,10 ;90,40 ;89,00 ;80,00 ;73,30 ;89,30 ;292,23 ;0,63;0,49 ;30.263 ;28.739 ;59.002 ;3,93 ;1,97 ;2,97 ;103,8 ;157,14 ;97,30
03/2015;94,00 ;96,70 ;94,30 ;91,60 ;91,30 ;95,00 ;304,59 ;1,08;1,11 ;30.541 ;28.823 ;59.363 ;3,88 ;1,89 ;2,92 ;99,1 ;155,29 ;95,40
04/2015;91,90 ;94,70 ;93,60 ;84,90 ;84,90 ;94,00 ;316,20 ;0,82;0,99 ;30.797 ;28.895 ;59.691 ;4,00 ;1,89 ;2,98 ;95,6 ;155,10 ;97,60
05/2015;97,50 ;94,80 ;94,00 ;104,90 ;85,70 ;94,30 ;344,30 ;1,57;1,40 ;31.152 ;30.115 ;61.267 ;4,07 ;1,94 ;3,02 ;95,5 ;153,83 ;95,60
06/2015;90,00 ;93,80 ;90,20 ;80,60 ;86,40 ;90,40 ;325,40 ;0,66;0,62 ;31.425 ;29.991 ;61.416 ;3,89 ;2,01 ;2,97 ;96,9 ;153,27 ;96,80
07/2015;95,30 ;94,80 ;95,00 ;87,40 ;89,70 ;95,20 ;332,82 ;1,23;1,33 ;31.680 ;30.517 ;62.197 ;3,99 ;2,07 ;3,05 ;93,1 ;152,55 ;95,90
08/2015;93,10 ;94,80 ;93,90 ;80,70 ;77,90 ;94,50 ;317,52 ;0,91;0,86 ;31.978 ;30.743 ;62.722 ;4,13 ;2,22 ;3,19 ;96,5 ;152,94 ;95,80
09/2015;89,10 ;95,70 ;90,80 ;78,40 ;76,10 ;91,30 ;305,20 ;0,27;0,03 ;32.135 ;31.124 ;63.258 ;4,21 ;2,24 ;3,24 ;95,4 ;152,00 ;96,80
10/2015;96,00 ;98,60 ;96,50 ;84,20 ;67,90 ;97,30 ;306,23 ;0,32;0,39 ;32.307 ;31.305 ;63.613 ;4,35 ;3,20 ;3,78 ;96,2 ;152,06 ;96,40
11/2015;95,80 ;95,40 ;92,10 ;90,80 ;70,30 ;92,50 ;317,86 ;0,57;0,61 ;32.670 ;31.507 ;64.177 ;4,49 ;3,89 ;4,20 ;93,7 ;151,63 ;97,40
12/2015;119,70 ;97,30 ;111,70 ;104,20 ;80,30 ;112,50 ;335,59 ;1,45;1,44 ;32.939 ;31.710 ;64.649 ;4,51 ;3,96 ;4,24 ;91,9 ;150,72 ;95,60
01/2016;90,80 ;91,00 ;92,60 ;77,90 ;69,20 ;93,30 ;368,64 ;1,45;1,57 ;33.036 ;31.342 ;64.378 ;4,56 ;3,79 ;4,18 ;93,8 ;151,61 ;93,20
02/2016;82,60 ;85,70 ;88,90 ;73,60 ;64,60 ;90,10 ;387,63 ;0,80;0,88 ;33.064 ;31.498 ;64.563 ;4,64 ;3,62 ;4,15 ;91,2 ;151,33 ;95,70
03/2016;89,80 ;95,10 ;92,90 ;84,30 ;72,80 ;94,20 ;386,30 ;0,72;0,55 ;33.247 ;31.133 ;64.380 ;4,55 ;3,55 ;4,07 ;94,0 ;151,44 ;97,60
04/2016;87,00 ;91,40 ;90,90 ;74,10 ;68,10 ;91,80 ;385,14 ;1,02;1,11 ;33.239 ;31.199 ;64.438 ;4,75 ;3,55 ;4,17 ;93,2 ;150,27 ;95,20
05/2016;87,10 ;92,60 ;88,30 ;80,00 ;68,40 ;89,70 ;375,13 ;0,99;1,11 ;33.500 ;31.142 ;64.641 ;4,75 ;3,77 ;4,28 ;93,1 ;148,38 ;95,80
06/2016;84,60 ;90,30 ;87,30 ;66,40 ;69,60 ;88,30 ;386,78 ;0,32;0,18 ;33.732 ;30.930 ;64.662 ;4,51 ;3,50 ;4,03 ;92,6 ;148,33 ;95,80
07/2016;89,20 ;92,60 ;93,20 ;67,70 ;68,00 ;94,00 ;403,38 ;0,65;0,66 ;33.801 ;30.545 ;64.346 ;4,27 ;3,71 ;4,01 ;94,5 ;147,36 ;92,30
08/2016;86,80 ;89,80 ;90,10 ;68,50 ;70,90 ;91,00 ;410,11 ;0,54;0,58 ;34.024 ;30.386 ;64.410 ;4,28 ;3,71 ;4,02 ;90,6 ;145,91 ;93,90
09/2016;82,80 ;89,30 ;86,80 ;62,80 ;64,60 ;87,70 ;415,94 ;0,43;0,51 ;34.010 ;30.879 ;64.889 ;4,37 ;3,83 ;4,12 ;89,7 ;146,81 ;93,40
10/2016;87,00 ;90,80 ;91,00 ;64,10 ;62,60 ;91,70 ;415,41 ;0,54;0,58 ;33.877 ;30.960 ;64.837 ;4,42 ;4,06 ;4,25 ;89,6 ;146,93 ;91,80
11/2016;91,20 ;91,20 ;92,30 ;75,30 ;68,90 ;91,80 ;406,52 ;0,43;0,51 ;34.152 ;31.334 ;65.486 ;4,34 ;3,79 ;4,08 ;88,3 ;146,99 ;90,40
12/2016;112,40 ;94,70 ;108,40 ;86,80 ;69,50 ;108,20 ;394,19 ;0,39;0,39 ;34.369 ;31.773 ;66.142 ;4,16 ;3,49 ;3,84 ;97,0 ;145,81 ;96,00
01/2017;86,40 ;90,70 ;87,40 ;63,00 ;70,30 ;81,20 ;412,48 ;0,13;0,24 ;34.608 ;31.213 ;65.821 ;4,19 ;2,74 ;3,50 ;93,4 ;147,71 ;96,70
02/2017;75,20 ;62,00 ;84,90 ;50,70 ;60,20 ;80,90 ;401,91 ;0,30;0,43 ;34.596 ;31.689 ;66.284 ;4,20 ;2,92 ;3,59 ;93,2 ;148,83 ;94,00
03/2017;83,40 ;60,70 ;89,10 ;68,60 ;70,10 ;84,00 ;408,83 ;0,66;0,64 ;34.716 ;32.221 ;66.937 ;4,20 ;3,15 ;3,70 ;90,4 ;148,23 ;91,60
04/2017;80,10 ;61,80 ;89,00 ;57,40 ;60,50 ;84,80 ;423,08 ;0,08;0,12 ;34.704 ;31.986 ;66.690 ;4,39 ;3,07 ;3,76 ;92,2 ;148,47 ;88,80
05/2017;87,20 ;69,00 ;89,10 ;76,30 ;75,40 ;83,30 ;404,50 ;0,10;-0,04 ;35.106 ;31.683 ;66.790 ;4,45 ;3,12 ;3,82 ;96,0 ;152,53 ;89,50
06/2017;83,90 ;66,60 ;89,00 ;61,30 ;76,40 ;84,30 ;408,49 ;-0,25;-0,35 ;35.384 ;31.441 ;66.825 ;4,01 ;2,64 ;3,36 ;96,5 ;151,34 ;87,70
07/2017;88,20 ;67,00 ;93,40 ;65,50 ;78,60 ;87,90 ;400,67 ;0,01;0,11 ;35.631 ;30.955 ;66.586 ;4,17 ;3,69 ;3,95 ;95,8 ;151,87 ;87,00
08/2017;86,90 ;67,80 ;92,00 ;63,60 ;79,10 ;86,10 ;389,35 ;-0,19;-0,25 ;35.856 ;30.717 ;66.573 ;4,12 ;3,77 ;3,96 ;95,2 ;150,19 ;86,50
09/2017;85,80 ;67,90 ;92,20 ;62,60 ;73,60 ;86,30 ;370,46 ;0,16;-0,04 ;35.861 ;30.583 ;66.444 ;4,08 ;3,58 ;3,85 ;93,5 ;149,22 ;86,50
10/2017;86,80 ;69,50 ;91,20 ;58,70 ;78,60 ;85,50 ;367,61 ;0,41;0,43 ;36.109 ;30.485 ;66.595 ;4,06 ;3,89 ;3,98 ;96,0 ;149,22 ;81,20
11/2017;93,70 ;68,90 ;94,10 ;78,40 ;73,20 ;89,90 ;363,92 ;-0,16;-0,29 ;36.459 ;32.021 ;68.480 ;3,95 ;3,58 ;3,78 ;93,9 ;148,93 ;82,30
12/2017;113,40 ;76,20 ;107,00 ;78,80 ;80,50 ;101,00 ;367,45 ;0,54;0,48 ;36.629 ;33.242 ;69.870 ;3,70 ;3,30 ;3,51 ;98,9 ;151,30 ;82,60
01/2018;88,20 ;67,90 ;92,80 ;66,00 ;83,60 ;86,00 ;387,61 ;0,34;0,37 ;36.973 ;32.155 ;69.128 ;3,98 ;3,40 ;3,71 ;95,9 ;150,95 ;88,60
02/2018;77,10 ;60,60 ;87,20 ;55,90 ;62,60 ;82,30 ;395,47 ;0,00;0,04 ;36.824 ;32.839 ;69.663 ;3,99 ;6,32 ;5,09 ;94,8 ;149,88 ;82,50
03/2018;88,20 ;70,50 ;97,10 ;64,80 ;79,60 ;91,90 ;389,00 ;0,23;0,11 ;37.039 ;32.296 ;69.335 ;3,91 ;5,55 ;4,67 ;95,2 ;151,58 ;85,40
04/2018;83,60 ;66,50 ;89,60 ;61,10 ;79,90 ;85,10 ;378,98 ;0,28;0,22 ;37.299 ;32.133 ;69.432 ;3,96 ;3,35 ;3,68 ;93,2 ;150,32 ;81,90
05/2018;90,10 ;66,30 ;94,00 ;74,70 ;75,30 ;89,00 ;390,79 ;0,34;0,15 ;37.692 ;32.176 ;69.868 ;3,91 ;3,04 ;3,51 ;87,4 ;148,06 ;78,40
06/2018;86,50 ;65,20 ;92,20 ;63,50 ;72,50 ;85,80 ;392,35 ;1,15;1,21 ;37.941 ;31.976 ;69.917 ;3,74 ;2,24 ;3,05 ;94,4 ;151,01 ;80,50
07/2018;89,10 ;65,80 ;95,00 ;63,20 ;76,80 ;88,30 ;379,26 ;-0,09;-0,15 ;38.205 ;31.318 ;69.523 ;3,73 ;2,66 ;3,25 ;95,1 ;154,42 ;80,90
08/2018;89,50 ;67,20 ;93,90 ;65,00 ;84,00 ;87,70 ;372,89 ;-0,28;-0,17 ;38.632 ;31.538 ;70.170 ;3,65 ;4,61 ;4,08 ;95,6 ;154,45 ;82,10
09/2018;85,40 ;67,60 ;91,40 ;64,00 ;75,20 ;84,50 ;367,14 ;0,28;0,15 ;38.715 ;30.674 ;69.389 ;3,60 ;2,35 ;3,05 ;99,1 ;155,51 ;79,10
10/2018;87,30 ;69,00 ;91,60 ;62,10 ;78,80 ;84,20 ;393,40 ;0,63;0,53 ;39.138 ;30.417 ;69.555 ;3,51 ;2,40 ;3,02 ;96,4 ;153,49 ;80,00
11/2018;96,10 ;67,00 ;93,50 ;89,60 ;81,40 ;87,00 ;411,66 ;-0,07;0,06 ;39.840 ;30.917 ;70.757 ;3,40 ;2,31 ;2,92 ;96,1 ;154,22 ;80,30
12/2018;112,00 ;73,80 ;105,00 ;82,80 ;83,60 ;96,80 ;397,34 ;0,07;0,14 ;40.249 ;31.073 ;71.322 ;3,34 ;1,94 ;2,73 ;95,4 ;153,80 ;78,50
01/2019;87,40 ;65,60 ;88,90 ;70,90 ;85,10 ;81,30 ;403,99 ;0,16;0,26 ;40.573 ;30.541 ;71.113 ;3,46 ;2,08 ;2,87 ;94,7 ;153,37 ;81,30
02/2019;79,00 ;61,60 ;83,80 ;62,20 ;79,30 ;76,60 ;416,86 ;0,69;0,75 ;40.772 ;29.806 ;70.579 ;3,44 ;2,24 ;2,93 ;95,4 ;154,04 ;78,70
03/2019;83,20 ;63,90 ;90,30 ;71,10 ;79,40 ;83,30 ;445,12 ;1,04;1,02 ;41.067 ;29.870 ;70.937 ;3,56 ;2,34 ;3,05 ;94,0 ;154,37 ;80,40
04/2019;83,80 ;60,30 ;85,80 ;73,10 ;85,30 ;78,90 ;459,20 ;0,91;0,89 ;41.528 ;29.701 ;71.229 ;3,56 ;2,43 ;3,09 ;97,5 ;154,46 ;81,50
05/2019;90,60 ;62,90 ;90,40 ;94,40 ;92,60 ;83,80 ;444,44 ;0,21;0,05 ;42.167 ;29.469 ;71.636 ;3,63 ;2,28 ;3,07 ;96,4 ;154,84 ;81,90
06/2019;84,00 ;62,30 ;85,70 ;75,40 ;88,00 ;81,00 ;448,73 ;0,26;0,40 ;42.566 ;29.610 ;72.176 ;3,55 ;1,71 ;2,79 ;95,6 ;155,14 ;82,00
07/2019;87,90 ;64,80 ;83,40 ;84,40 ;95,50 ;76,50 ;432,96 ;-0,15;-0,10 ;43.143 ;28.929 ;72.072 ;3,64 ;1,68 ;2,85 ;94,1 ;155,54 ;83,30
08/2019;86,60 ;66,40 ;83,40 ;83,70 ;93,60 ;77,50 ;402,84 ;0,33;0,21 ;43.660 ;29.170 ;72.830 ;3,70 ;1,91 ;2,98 ;97,0 ;155,98 ;81,20
09/2019;83,50 ;65,50 ;81,80 ;83,70 ;79,90 ;75,20 ;384,17 ;-0,08;-0,21 ;44.106 ;29.324 ;73.430 ;3,78 ;2,01 ;3,07 ;98,0 ;156,12 ;82,20
10/2019;89,00 ;70,00 ;84,30 ;85,30 ;97,40 ;77,60 ;387,18 ;0,04;-0,03 ;44.728 ;29.222 ;73.949 ;3,74 ;1,84 ;2,99 ;96,2 ;156,93 ;83,30
11/2019;93,70 ;69,70 ;87,30 ;82,70 ;91,80 ;81,90 ;395,82 ;0,22;0,34 ;45.346 ;29.731 ;75.077 ;3,73 ;1,87 ;2,99 ;99,2 ;157,58 ;83,20
12/2019;108,80 ;75,60 ;95,30 ;88,50 ;92,00 ;89,90 ;433,64 ;1,28;1,29 ;46.069 ;30.698 ;76.767 ;3,71 ;1,66 ;2,89 ;97,5 ;156,92 ;81,00
01/2020;85,50 ;68,00 ;82,40 ;70,60 ;97,70 ;77,60 ;433,39 ;0,28;0,30 ;46.610 ;30.782 ;77.392 ;3,87 ;1,88 ;3,08 ;99,3 ;156,94 ;81,80
02/2020;75,30 ;59,80 ;80,30 ;59,50 ;78,50 ;75,20 ;462,99 ;0,80;0,84 ;46.724 ;30.898 ;77.622 ;3,92 ;1,48 ;2,95 ;99,8 ;156,73 ;80,60
03/2020;70,10 ;50,90 ;89,60 ;41,50 ;78,30 ;85,00 ;475,11 ;0,21;0,20 ;46.689 ;31.605 ;78.294 ;4,48 ;1,70 ;3,36 ;78,2 ;145,56 ;76,60
04/2020;54,60 ;34,50 ;88,00 ;10,90 ;55,90 ;83,80 ;482,46 ;-0,12;-0,04 ;46.117 ;31.855 ;77.972 ;4,74 ;1,62 ;3,47 ;52,0 ;131,83 ;59,90
05/2020;63,00 ;38,10 ;94,90 ;25,90 ;66,70 ;90,60 ;455,18 ;-0,52;-0,51 ;45.785 ;32.747 ;78.532 ;4,82 ;1,57 ;3,46 ;51,6 ;-;-
Fonte;IBGE;IBGE;IBGE;IBGE;IBGE;IBGE;Dieese;IBGE;IBGE;BCB;BCB;BCB;BCB;BCB;BCB;IBGE;BCB-Depec;BCB e IBGE
