Data;13025 - �ndice Nacional de Pre�os ao Consumidor - varia��o mensal - S�o Paulo - %;20128 - �ndice de volume de vendas no varejo - Artigos farmac�uticos, m�dicos, ortop�dicos, de perfumaria e cosm�ticos - S�o Paulo - �ndice;20129 - �ndice de volume de vendas no varejo - Livros, jornais, revistas e papelaria - S�o Paulo - �ndice;20130 - �ndice de volume de vendas no varejo - Equipamentos e materiais para escrit�rio, inform�tica e comunica��o - S�o Paulo - �ndice;20131 - �ndice de volume de vendas no varejo - Outros artigos de uso pessoal e dom�stico - S�o Paulo - �ndice;20132 - �ndice de volume de vendas no varejo - Material de constru��o - S�o Paulo - �ndice;20133 - �ndice de volume de vendas no varejo - Total do com�rcio ampliado - S�o Paulo - �ndice;21925 - Produ��o Industrial (2012=100) � Geral � S�o Paulo - �ndice;25394 - �ndice de Atividade Econ�mica Regional - S�o Paulo - com ajuste sazonal - �ndice;28035 - PMS - �ndice de volume de servi�os - Total - S�o Paulo - com ajuste sazonal - �ndice
07/1989;26,49 ;-;-;-;-;-;-;-;-;-
08/1989;31,78 ;-;-;-;-;-;-;-;-;-
09/1989;36,23 ;-;-;-;-;-;-;-;-;-
10/1989;39,31 ;-;-;-;-;-;-;-;-;-
11/1989;50,22 ;-;-;-;-;-;-;-;-;-
12/1989;50,83 ;-;-;-;-;-;-;-;-;-
01/1990;67,66 ;-;-;-;-;-;-;-;-;-
02/1990;75,87 ;-;-;-;-;-;-;-;-;-
03/1990;80,65 ;-;-;-;-;-;-;-;-;-
04/1990;13,68 ;-;-;-;-;-;-;-;-;-
05/1990;7,34 ;-;-;-;-;-;-;-;-;-
06/1990;11,80 ;-;-;-;-;-;-;-;-;-
07/1990;13,53 ;-;-;-;-;-;-;-;-;-
08/1990;14,08 ;-;-;-;-;-;-;-;-;-
09/1990;13,61 ;-;-;-;-;-;-;-;-;-
10/1990;16,08 ;-;-;-;-;-;-;-;-;-
11/1990;17,83 ;-;-;-;-;-;-;-;-;-
12/1990;20,41 ;-;-;-;-;-;-;-;-;-
01/1991;21,65 ;-;-;-;-;-;-;-;-;-
02/1991;20,19 ;-;-;-;-;-;-;-;-;-
03/1991;16,51 ;-;-;-;-;-;-;-;-;-
04/1991;4,42 ;-;-;-;-;-;-;-;-;-
05/1991;7,51 ;-;-;-;-;-;-;-;-;-
06/1991;10,18 ;-;-;-;-;-;-;-;-;-
07/1991;11,25 ;-;-;-;-;-;-;-;-;-
08/1991;14,97 ;-;-;-;-;-;-;-;-;-
09/1991;14,97 ;-;-;-;-;-;-;-;-;-
10/1991;21,40 ;-;-;-;-;-;-;-;-;-
11/1991;26,26 ;-;-;-;-;-;-;-;-;-
12/1991;22,84 ;-;-;-;-;-;-;-;-;-
01/1992;26,11 ;-;-;-;-;-;-;-;-;-
02/1992;23,46 ;-;-;-;-;-;-;-;-;-
03/1992;22,31 ;-;-;-;-;-;-;-;-;-
04/1992;21,47 ;-;-;-;-;-;-;-;-;-
05/1992;24,54 ;-;-;-;-;-;-;-;-;-
06/1992;21,19 ;-;-;-;-;-;-;-;-;-
07/1992;22,83 ;-;-;-;-;-;-;-;-;-
08/1992;21,87 ;-;-;-;-;-;-;-;-;-
09/1992;23,35 ;-;-;-;-;-;-;-;-;-
10/1992;25,10 ;-;-;-;-;-;-;-;-;-
11/1992;22,18 ;-;-;-;-;-;-;-;-;-
12/1992;26,23 ;-;-;-;-;-;-;-;-;-
01/1993;27,26 ;-;-;-;-;-;-;-;-;-
02/1993;24,12 ;-;-;-;-;-;-;-;-;-
03/1993;28,46 ;-;-;-;-;-;-;-;-;-
04/1993;29,09 ;-;-;-;-;-;-;-;-;-
05/1993;26,18 ;-;-;-;-;-;-;-;-;-
06/1993;31,16 ;-;-;-;-;-;-;-;-;-
07/1993;31,86 ;-;-;-;-;-;-;-;-;-
08/1993;33,11 ;-;-;-;-;-;-;-;-;-
09/1993;35,37 ;-;-;-;-;-;-;-;-;-
10/1993;33,11 ;-;-;-;-;-;-;-;-;-
11/1993;35,35 ;-;-;-;-;-;-;-;-;-
12/1993;37,74 ;-;-;-;-;-;-;-;-;-
01/1994;39,77 ;-;-;-;-;-;-;-;-;-
02/1994;40,73 ;-;-;-;-;-;-;-;-;-
03/1994;42,49 ;-;-;-;-;-;-;-;-;-
04/1994;44,54 ;-;-;-;-;-;-;-;-;-
05/1994;43,26 ;-;-;-;-;-;-;-;-;-
06/1994;48,99 ;-;-;-;-;-;-;-;-;-
07/1994;7,50 ;-;-;-;-;-;-;-;-;-
08/1994;2,56 ;-;-;-;-;-;-;-;-;-
09/1994;2,09 ;-;-;-;-;-;-;-;-;-
10/1994;3,35 ;-;-;-;-;-;-;-;-;-
11/1994;3,45 ;-;-;-;-;-;-;-;-;-
12/1994;1,61 ;-;-;-;-;-;-;-;-;-
01/1995;1,42 ;-;-;-;-;-;-;-;-;-
02/1995;1,48 ;-;-;-;-;-;-;-;-;-
03/1995;1,80 ;-;-;-;-;-;-;-;-;-
04/1995;2,98 ;-;-;-;-;-;-;-;-;-
05/1995;1,70 ;-;-;-;-;-;-;-;-;-
06/1995;2,17 ;-;-;-;-;-;-;-;-;-
07/1995;3,63 ;-;-;-;-;-;-;-;-;-
08/1995;0,89 ;-;-;-;-;-;-;-;-;-
09/1995;1,18 ;-;-;-;-;-;-;-;-;-
10/1995;1,76 ;-;-;-;-;-;-;-;-;-
11/1995;1,98 ;-;-;-;-;-;-;-;-;-
12/1995;1,85 ;-;-;-;-;-;-;-;-;-
01/1996;1,64 ;-;-;-;-;-;-;-;-;-
02/1996;0,66 ;-;-;-;-;-;-;-;-;-
03/1996;0,41 ;-;-;-;-;-;-;-;-;-
04/1996;1,67 ;-;-;-;-;-;-;-;-;-
05/1996;1,25 ;-;-;-;-;-;-;-;-;-
06/1996;2,01 ;-;-;-;-;-;-;-;-;-
07/1996;1,67 ;-;-;-;-;-;-;-;-;-
08/1996;0,52 ;-;-;-;-;-;-;-;-;-
09/1996;0,28 ;-;-;-;-;-;-;-;-;-
10/1996;0,72 ;-;-;-;-;-;-;-;-;-
11/1996;0,54 ;-;-;-;-;-;-;-;-;-
12/1996;0,38 ;-;-;-;-;-;-;-;-;-
01/1997;1,13 ;-;-;-;-;-;-;-;-;-
02/1997;0,76 ;-;-;-;-;-;-;-;-;-
03/1997;0,84 ;-;-;-;-;-;-;-;-;-
04/1997;0,78 ;-;-;-;-;-;-;-;-;-
05/1997;0,23 ;-;-;-;-;-;-;-;-;-
06/1997;1,00 ;-;-;-;-;-;-;-;-;-
07/1997;0,25 ;-;-;-;-;-;-;-;-;-
08/1997;-0,10 ;-;-;-;-;-;-;-;-;-
09/1997;0,12 ;-;-;-;-;-;-;-;-;-
10/1997;0,24 ;-;-;-;-;-;-;-;-;-
11/1997;0,00 ;-;-;-;-;-;-;-;-;-
12/1997;0,33 ;-;-;-;-;-;-;-;-;-
01/1998;0,45 ;-;-;-;-;-;-;-;-;-
02/1998;0,75 ;-;-;-;-;-;-;-;-;-
03/1998;0,22 ;-;-;-;-;-;-;-;-;-
04/1998;0,26 ;-;-;-;-;-;-;-;-;-
05/1998;0,70 ;-;-;-;-;-;-;-;-;-
06/1998;-0,15 ;-;-;-;-;-;-;-;-;-
07/1998;-0,30 ;-;-;-;-;-;-;-;-;-
08/1998;-0,33 ;-;-;-;-;-;-;-;-;-
09/1998;-0,25 ;-;-;-;-;-;-;-;-;-
10/1998;0,08 ;-;-;-;-;-;-;-;-;-
11/1998;-0,34 ;-;-;-;-;-;-;-;-;-
12/1998;0,20 ;-;-;-;-;-;-;-;-;-
01/1999;0,85 ;-;-;-;-;-;-;-;-;-
02/1999;1,22 ;-;-;-;-;-;-;-;-;-
03/1999;1,11 ;-;-;-;-;-;-;-;-;-
04/1999;0,33 ;-;-;-;-;-;-;-;-;-
05/1999;-0,01 ;-;-;-;-;-;-;-;-;-
06/1999;0,02 ;-;-;-;-;-;-;-;-;-
07/1999;0,48 ;-;-;-;-;-;-;-;-;-
08/1999;0,76 ;-;-;-;-;-;-;-;-;-
09/1999;0,54 ;-;-;-;-;-;-;-;-;-
10/1999;0,90 ;-;-;-;-;-;-;-;-;-
11/1999;0,69 ;-;-;-;-;-;-;-;-;-
12/1999;0,50 ;-;-;-;-;-;-;-;-;-
01/2000;0,34 ;-;-;-;-;-;-;-;-;-
02/2000;-0,23 ;-;-;-;-;-;-;-;-;-
03/2000;0,12 ;-;-;-;-;-;-;-;-;-
04/2000;0,13 ;-;-;-;-;-;-;-;-;-
05/2000;-0,08 ;-;-;-;-;-;-;-;-;-
06/2000;0,46 ;-;-;-;-;-;-;-;-;-
07/2000;1,58 ;-;-;-;-;-;-;-;-;-
08/2000;1,22 ;-;-;-;-;-;-;-;-;-
09/2000;0,20 ;-;-;-;-;-;-;-;-;-
10/2000;0,24 ;-;-;-;-;-;-;-;-;-
11/2000;0,06 ;-;-;-;-;-;-;-;-;-
12/2000;0,10 ;-;-;-;-;-;-;-;-;-
01/2001;0,29 ;-;-;-;-;-;-;-;-;-
02/2001;0,14 ;-;-;-;-;-;-;-;-;-
03/2001;0,43 ;-;-;-;-;-;-;-;-;-
04/2001;0,51 ;-;-;-;-;-;-;-;-;-
05/2001;0,45 ;-;-;-;-;-;-;-;-;-
06/2001;1,77 ;-;-;-;-;-;-;-;-;-
07/2001;1,66 ;-;-;-;-;-;-;-;-;-
08/2001;0,63 ;-;-;-;-;-;-;-;-;-
09/2001;0,13 ;-;-;-;-;-;-;-;-;-
10/2001;0,88 ;-;-;-;-;-;-;-;-;-
11/2001;2,08 ;-;-;-;-;-;-;-;-;-
12/2001;0,50 ;-;-;-;-;-;-;-;-;-
01/2002;0,52 ;-;-;-;-;-;-;68,6 ;-;-
02/2002;0,16 ;-;-;-;-;-;-;68,0 ;-;-
03/2002;0,48 ;-;-;-;-;-;-;74,8 ;-;-
04/2002;0,68 ;-;-;-;-;-;-;76,8 ;-;-
05/2002;0,23 ;-;-;-;-;-;-;79,6 ;-;-
06/2002;0,45 ;-;-;-;-;-;-;75,6 ;-;-
07/2002;1,45 ;-;-;-;-;-;-;81,7 ;-;-
08/2002;0,81 ;-;-;-;-;-;-;80,9 ;-;-
09/2002;0,50 ;-;-;-;-;-;-;80,3 ;-;-
10/2002;1,36 ;-;-;-;-;-;-;88,9 ;-;-
11/2002;3,09 ;-;-;-;-;-;-;81,2 ;-;-
12/2002;2,29 ;-;-;-;-;-;-;70,3 ;-;-
01/2003;2,68 ;-;-;-;-;-;-;69,4 ;99,75 ;-
02/2003;1,92 ;-;-;-;-;-;-;68,6 ;100,21 ;-
03/2003;1,09 ;-;-;-;-;-;-;73,8 ;99,69 ;-
04/2003;0,61 ;-;-;-;-;-;-;71,4 ;98,53 ;-
05/2003;0,62 ;-;-;-;-;-;-;76,5 ;97,64 ;-
06/2003;0,02 ;-;-;-;-;-;-;73,6 ;98,31 ;-
07/2003;0,17 ;-;-;-;-;-;-;77,7 ;98,53 ;-
08/2003;0,16 ;-;-;-;-;-;-;80,0 ;98,97 ;-
09/2003;0,94 ;-;-;-;-;-;-;83,9 ;99,24 ;-
10/2003;0,27 ;-;-;-;-;-;-;88,4 ;99,45 ;-
11/2003;0,18 ;-;-;-;-;-;-;83,8 ;100,37 ;-
12/2003;0,36 ;-;-;-;-;-;-;75,7 ;100,84 ;-
01/2004;0,32 ;40,90 ;63,60 ;13,60 ;25,50 ;69,20 ;51,20 ;74,3 ;101,73 ;-
02/2004;0,10 ;39,80 ;61,30 ;9,80 ;27,40 ;65,20 ;49,60 ;71,7 ;102,33 ;-
03/2004;0,54 ;45,70 ;60,40 ;16,60 ;26,60 ;79,20 ;55,70 ;84,8 ;103,60 ;-
04/2004;0,19 ;41,90 ;52,20 ;10,00 ;27,40 ;71,20 ;53,30 ;79,6 ;103,76 ;-
05/2004;0,43 ;44,60 ;52,10 ;13,00 ;30,80 ;73,10 ;55,60 ;84,8 ;104,05 ;-
06/2004;0,69 ;44,20 ;49,10 ;17,40 ;28,50 ;72,40 ;54,90 ;85,1 ;104,72 ;-
07/2004;1,22 ;44,10 ;50,00 ;13,00 ;29,50 ;77,90 ;56,10 ;89,5 ;105,41 ;-
08/2004;0,41 ;42,10 ;52,20 ;11,20 ;29,60 ;77,40 ;56,20 ;92,6 ;106,15 ;-
09/2004;0,28 ;41,20 ;47,10 ;17,30 ;28,60 ;74,30 ;55,20 ;95,3 ;108,26 ;-
10/2004;0,29 ;41,90 ;49,00 ;12,20 ;32,70 ;74,40 ;57,20 ;92,8 ;107,48 ;-
11/2004;0,42 ;41,90 ;49,30 ;11,40 ;33,50 ;76,60 ;58,00 ;91,7 ;107,54 ;-
12/2004;0,59 ;49,10 ;77,90 ;20,20 ;56,60 ;73,80 ;71,70 ;83,9 ;108,13 ;-
01/2005;0,38 ;40,00 ;59,00 ;10,00 ;30,90 ;69,20 ;54,30 ;79,5 ;108,50 ;-
02/2005;0,59 ;38,00 ;59,80 ;13,70 ;26,50 ;55,60 ;47,00 ;74,9 ;108,06 ;-
03/2005;1,35 ;45,10 ;57,00 ;24,50 ;32,60 ;63,80 ;55,90 ;85,7 ;108,41 ;-
04/2005;0,84 ;43,60 ;49,10 ;23,00 ;31,70 ;63,10 ;53,30 ;84,1 ;108,59 ;-
05/2005;0,55 ;47,00 ;51,20 ;20,70 ;34,50 ;62,80 ;54,90 ;90,2 ;109,14 ;-
06/2005;-0,05 ;46,90 ;46,60 ;27,90 ;32,50 ;65,40 ;55,00 ;91,2 ;109,55 ;-
07/2005;-0,28 ;44,60 ;47,30 ;25,10 ;34,10 ;63,80 ;54,90 ;90,3 ;109,29 ;-
08/2005;-0,26 ;47,70 ;52,50 ;21,40 ;35,20 ;67,40 ;58,30 ;96,6 ;109,96 ;-
09/2005;0,30 ;44,70 ;47,20 ;23,10 ;32,60 ;62,70 ;55,10 ;93,3 ;109,78 ;-
10/2005;0,50 ;45,60 ;46,70 ;20,10 ;38,40 ;64,40 ;57,40 ;93,1 ;110,28 ;-
11/2005;0,13 ;45,40 ;49,20 ;21,70 ;38,50 ;69,20 ;59,60 ;92,2 ;111,28 ;-
12/2005;0,17 ;50,90 ;70,80 ;45,00 ;63,80 ;65,20 ;73,00 ;85,9 ;111,81 ;-
01/2006;-0,07 ;42,70 ;61,20 ;27,50 ;36,30 ;63,00 ;56,50 ;81,1 ;112,47 ;-
02/2006;0,15 ;40,30 ;60,40 ;20,40 ;31,50 ;54,90 ;47,80 ;78,5 ;112,80 ;-
03/2006;0,07 ;46,30 ;59,00 ;28,30 ;36,60 ;66,40 ;56,20 ;91,5 ;113,56 ;-
04/2006;-0,06 ;44,20 ;54,80 ;23,00 ;38,00 ;56,60 ;53,30 ;84,4 ;114,38 ;-
05/2006;0,11 ;46,20 ;55,50 ;28,80 ;41,80 ;65,70 ;57,90 ;95,9 ;114,86 ;-
06/2006;-0,14 ;46,00 ;47,20 ;32,40 ;38,80 ;75,80 ;54,00 ;92,1 ;114,14 ;-
07/2006;0,12 ;44,60 ;50,40 ;31,20 ;40,20 ;80,90 ;57,70 ;94,7 ;115,46 ;-
08/2006;0,02 ;46,00 ;52,50 ;25,40 ;44,90 ;84,70 ;60,40 ;100,3 ;115,36 ;-
09/2006;0,19 ;45,10 ;48,70 ;28,60 ;46,00 ;78,90 ;58,70 ;94,2 ;115,34 ;-
10/2006;0,39 ;46,30 ;47,50 ;23,20 ;51,90 ;80,60 ;62,20 ;97,6 ;116,49 ;-
11/2006;0,42 ;45,80 ;47,80 ;24,00 ;50,50 ;81,40 ;62,80 ;94,5 ;116,83 ;-
12/2006;1,48 ;50,80 ;71,80 ;49,30 ;83,10 ;61,70 ;74,80 ;85,1 ;117,88 ;-
01/2007;0,40 ;44,80 ;64,70 ;24,20 ;48,00 ;69,70 ;59,00 ;83,3 ;118,27 ;-
02/2007;0,28 ;41,50 ;66,10 ;23,40 ;42,30 ;58,30 ;53,80 ;81,3 ;119,44 ;-
03/2007;0,29 ;48,70 ;67,80 ;33,60 ;52,70 ;66,00 ;63,70 ;93,8 ;119,62 ;-
04/2007;0,26 ;46,50 ;67,70 ;32,00 ;55,60 ;62,80 ;62,30 ;88,0 ;121,08 ;-
05/2007;0,26 ;49,30 ;67,40 ;32,80 ;62,60 ;84,50 ;67,00 ;98,6 ;121,91 ;-
06/2007;0,51 ;50,30 ;64,60 ;38,90 ;56,10 ;83,90 ;64,40 ;97,8 ;123,28 ;-
07/2007;-0,18 ;48,70 ;64,60 ;41,50 ;57,40 ;87,20 ;66,50 ;100,8 ;124,56 ;-
08/2007;0,51 ;51,00 ;73,30 ;36,10 ;62,90 ;94,10 ;70,90 ;106,1 ;125,47 ;-
09/2007;0,27 ;49,00 ;64,60 ;38,90 ;57,50 ;88,90 ;66,60 ;102,3 ;127,09 ;-
10/2007;0,16 ;50,80 ;55,70 ;33,20 ;67,50 ;94,30 ;72,90 ;109,4 ;127,82 ;-
11/2007;0,38 ;48,40 ;57,40 ;37,40 ;72,10 ;95,90 ;72,80 ;102,1 ;128,30 ;-
12/2007;0,73 ;57,10 ;80,70 ;81,20 ;112,00 ;69,00 ;84,20 ;90,7 ;128,09 ;-
01/2008;0,64 ;51,50 ;79,40 ;29,00 ;67,30 ;74,30 ;67,70 ;93,5 ;128,92 ;-
02/2008;0,18 ;47,90 ;82,50 ;34,00 ;58,30 ;69,90 ;64,70 ;89,6 ;128,24 ;-
03/2008;0,45 ;53,80 ;84,60 ;44,20 ;69,40 ;72,80 ;73,60 ;97,2 ;130,52 ;-
04/2008;0,54 ;54,90 ;78,90 ;35,70 ;62,60 ;76,40 ;72,70 ;100,0 ;132,02 ;-
05/2008;1,13 ;57,80 ;75,00 ;45,70 ;75,70 ;89,10 ;76,40 ;104,7 ;132,16 ;-
06/2008;1,09 ;55,00 ;72,40 ;55,20 ;68,10 ;89,50 ;75,70 ;107,1 ;133,52 ;-
07/2008;0,68 ;57,80 ;67,70 ;44,10 ;69,40 ;102,80 ;77,70 ;111,1 ;134,21 ;-
08/2008;0,41 ;56,80 ;71,50 ;47,80 ;74,30 ;95,90 ;76,60 ;109,0 ;133,95 ;-
09/2008;0,32 ;58,50 ;66,40 ;55,00 ;70,20 ;100,10 ;79,40 ;110,2 ;135,44 ;-
10/2008;0,60 ;60,20 ;56,10 ;47,60 ;80,20 ;99,70 ;75,00 ;111,5 ;133,92 ;-
11/2008;0,08 ;57,50 ;63,30 ;40,40 ;77,10 ;88,20 ;70,10 ;99,6 ;133,09 ;-
12/2008;0,08 ;67,20 ;91,00 ;109,20 ;116,80 ;66,30 ;85,80 ;78,7 ;129,52 ;-
01/2009;0,28 ;56,80 ;96,90 ;32,60 ;67,60 ;63,40 ;70,40 ;78,9 ;130,39 ;-
02/2009;0,38 ;53,80 ;85,30 ;35,40 ;62,10 ;60,10 ;66,50 ;75,7 ;130,70 ;-
03/2009;0,42 ;62,60 ;92,10 ;45,40 ;71,50 ;67,20 ;78,40 ;88,4 ;131,22 ;-
04/2009;0,63 ;60,50 ;74,20 ;52,20 ;70,90 ;62,10 ;73,30 ;85,7 ;131,55 ;-
05/2009;0,35 ;62,50 ;78,10 ;39,60 ;82,60 ;83,20 ;79,30 ;93,5 ;132,25 ;-
06/2009;0,47 ;60,90 ;74,70 ;65,90 ;76,50 ;87,30 ;84,60 ;93,4 ;133,02 ;-
07/2009;0,79 ;63,40 ;77,50 ;47,20 ;72,80 ;89,10 ;78,70 ;99,3 ;131,30 ;-
08/2009;0,16 ;64,50 ;85,80 ;37,60 ;78,90 ;88,10 ;81,90 ;102,1 ;132,40 ;-
09/2009;0,24 ;62,40 ;79,10 ;51,00 ;74,80 ;88,00 ;86,60 ;101,7 ;134,21 ;-
10/2009;0,25 ;65,50 ;70,60 ;42,80 ;86,90 ;92,10 ;84,60 ;106,9 ;135,18 ;-
11/2009;0,31 ;62,70 ;66,60 ;42,00 ;82,00 ;90,20 ;82,70 ;102,2 ;135,72 ;-
12/2009;0,30 ;72,30 ;102,00 ;92,50 ;121,60 ;68,70 ;97,70 ;94,3 ;137,28 ;-
01/2010;1,55 ;61,90 ;112,50 ;48,50 ;74,90 ;67,20 ;77,80 ;89,5 ;137,68 ;-
02/2010;0,67 ;62,20 ;93,60 ;38,60 ;67,30 ;67,10 ;76,10 ;89,0 ;138,40 ;-
03/2010;0,45 ;71,60 ;104,00 ;59,40 ;77,20 ;80,80 ;95,70 ;102,7 ;139,60 ;-
04/2010;0,61 ;67,60 ;87,40 ;49,50 ;77,00 ;74,90 ;81,30 ;98,5 ;139,39 ;-
05/2010;0,30 ;68,50 ;90,70 ;50,90 ;87,10 ;95,90 ;85,60 ;103,9 ;139,89 ;-
06/2010;-0,14 ;65,90 ;79,00 ;80,70 ;85,80 ;93,30 ;84,70 ;103,2 ;140,41 ;-
07/2010;-0,01 ;68,40 ;85,00 ;57,10 ;84,20 ;99,20 ;87,50 ;107,6 ;140,41 ;-
08/2010;0,07 ;71,00 ;98,00 ;47,50 ;88,60 ;104,20 ;93,00 ;112,1 ;141,86 ;-
09/2010;0,80 ;68,00 ;88,10 ;70,90 ;84,70 ;102,60 ;89,90 ;110,4 ;141,57 ;-
10/2010;1,01 ;71,30 ;87,10 ;41,80 ;93,40 ;96,90 ;93,50 ;109,5 ;141,77 ;-
11/2010;0,85 ;70,20 ;93,40 ;58,20 ;90,00 ;102,10 ;95,40 ;107,2 ;142,72 ;-
12/2010;0,74 ;80,40 ;146,10 ;126,20 ;134,40 ;78,00 ;110,40 ;95,8 ;142,63 ;-
01/2011;1,13 ;69,40 ;124,30 ;48,00 ;74,90 ;76,10 ;85,00 ;92,5 ;144,06 ;87,20
02/2011;0,75 ;65,70 ;107,70 ;48,00 ;71,60 ;77,00 ;84,10 ;96,0 ;144,47 ;87,90
03/2011;0,55 ;73,40 ;105,70 ;71,10 ;82,30 ;83,40 ;92,00 ;105,5 ;145,28 ;87,60
04/2011;0,81 ;72,50 ;91,30 ;50,50 ;80,40 ;79,10 ;89,70 ;95,4 ;143,14 ;89,30
05/2011;0,33 ;75,90 ;99,40 ;69,30 ;86,10 ;104,60 ;96,40 ;108,1 ;144,93 ;89,70
06/2011;0,24 ;73,40 ;90,40 ;121,60 ;83,50 ;101,10 ;92,20 ;103,9 ;145,18 ;90,00
07/2011;-0,07 ;76,10 ;94,50 ;65,40 ;84,70 ;104,30 ;93,50 ;108,0 ;145,84 ;90,60
08/2011;0,50 ;77,00 ;106,70 ;67,00 ;86,20 ;107,70 ;96,10 ;115,9 ;145,67 ;91,00
09/2011;0,55 ;77,10 ;93,70 ;77,00 ;84,80 ;106,60 ;93,90 ;107,7 ;145,49 ;89,60
10/2011;0,38 ;76,70 ;94,50 ;65,10 ;90,10 ;102,50 ;95,20 ;106,7 ;145,21 ;89,50
11/2011;0,59 ;75,80 ;99,80 ;77,80 ;88,00 ;106,90 ;98,80 ;102,7 ;145,76 ;90,20
12/2011;0,43 ;85,10 ;137,00 ;189,00 ;136,90 ;80,30 ;115,60 ;93,4 ;145,55 ;89,80
01/2012;0,40 ;72,30 ;151,20 ;72,70 ;88,80 ;96,50 ;94,20 ;84,9 ;144,44 ;90,40
02/2012;0,23 ;73,10 ;114,40 ;80,60 ;73,10 ;91,80 ;88,90 ;87,9 ;145,83 ;90,70
03/2012;-0,06 ;82,90 ;104,60 ;90,10 ;83,10 ;102,10 ;103,10 ;98,7 ;145,91 ;91,60
04/2012;0,79 ;79,60 ;90,30 ;75,40 ;79,80 ;96,50 ;95,60 ;90,0 ;146,13 ;91,00
05/2012;0,37 ;86,60 ;99,30 ;94,50 ;89,20 ;100,50 ;102,60 ;101,7 ;147,08 ;92,60
06/2012;0,15 ;82,10 ;97,60 ;81,40 ;83,60 ;92,90 ;104,20 ;97,3 ;147,56 ;91,80
07/2012;0,32 ;83,20 ;98,20 ;76,00 ;85,40 ;101,40 ;105,00 ;108,0 ;150,00 ;92,90
08/2012;0,27 ;85,80 ;115,10 ;85,00 ;91,20 ;113,50 ;112,90 ;117,1 ;150,83 ;93,90
09/2012;0,54 ;80,70 ;98,80 ;81,30 ;81,40 ;100,60 ;97,60 ;107,1 ;149,73 ;94,00
10/2012;0,67 ;83,50 ;107,30 ;80,60 ;94,90 ;113,00 ;108,30 ;115,0 ;151,54 ;94,10
11/2012;0,44 ;81,50 ;115,00 ;80,00 ;99,90 ;106,80 ;104,40 ;104,5 ;150,66 ;93,80
12/2012;0,51 ;86,10 ;140,20 ;114,40 ;132,50 ;94,40 ;125,60 ;87,7 ;151,21 ;96,10
01/2013;1,02 ;78,90 ;162,20 ;83,50 ;90,40 ;101,40 ;99,10 ;91,1 ;150,78 ;96,30
02/2013;0,46 ;75,50 ;120,30 ;91,10 ;69,10 ;91,00 ;90,50 ;87,4 ;150,15 ;97,20
03/2013;0,45 ;84,10 ;108,30 ;90,60 ;84,70 ;102,20 ;106,50 ;97,5 ;151,21 ;94,30
04/2013;0,53 ;87,40 ;96,60 ;79,50 ;79,50 ;107,30 ;101,40 ;102,8 ;152,34 ;97,70
05/2013;0,23 ;91,90 ;94,80 ;82,50 ;89,00 ;105,90 ;105,90 ;107,7 ;154,03 ;96,90
06/2013;0,49 ;87,50 ;90,00 ;88,80 ;84,00 ;100,10 ;102,30 ;104,9 ;153,56 ;97,30
07/2013;-0,21 ;94,00 ;95,70 ;84,10 ;90,00 ;106,80 ;106,70 ;111,3 ;153,81 ;97,00
08/2013;0,18 ;94,80 ;105,70 ;101,00 ;95,20 ;112,30 ;111,40 ;118,8 ;154,46 ;96,40
09/2013;0,27 ;92,70 ;93,50 ;105,50 ;95,80 ;107,50 ;104,10 ;113,3 ;155,35 ;97,60
10/2013;0,74 ;97,10 ;99,40 ;107,70 ;110,00 ;112,10 ;111,30 ;114,8 ;153,95 ;99,20
11/2013;0,44 ;94,30 ;109,30 ;104,80 ;95,20 ;106,90 ;111,50 ;105,8 ;155,09 ;99,50
12/2013;0,71 ;100,70 ;142,90 ;133,00 ;148,20 ;93,00 ;129,00 ;83,2 ;153,48 ;99,50
01/2014;0,60 ;93,50 ;149,30 ;80,70 ;103,50 ;103,40 ;103,30 ;86,0 ;153,80 ;102,80
02/2014;0,83 ;89,70 ;112,30 ;93,70 ;88,60 ;106,10 ;96,60 ;88,5 ;153,26 ;98,50
03/2014;0,84 ;96,40 ;97,10 ;92,50 ;87,60 ;99,60 ;98,00 ;92,6 ;152,64 ;99,50
04/2014;0,54 ;95,70 ;83,50 ;82,10 ;90,10 ;96,80 ;97,50 ;93,8 ;152,84 ;99,30
05/2014;0,10 ;102,80 ;93,60 ;91,90 ;96,90 ;101,80 ;101,60 ;104,0 ;152,28 ;99,20
06/2014;0,20 ;95,70 ;77,40 ;90,60 ;87,40 ;87,00 ;91,50 ;98,8 ;151,12 ;98,40
07/2014;0,31 ;100,90 ;81,30 ;80,40 ;92,20 ;100,20 ;96,90 ;104,6 ;149,95 ;99,30
08/2014;0,01 ;103,60 ;94,80 ;95,60 ;95,40 ;99,30 ;95,90 ;108,7 ;150,56 ;98,90
09/2014;0,53 ;103,80 ;85,70 ;103,80 ;93,30 ;102,30 ;94,80 ;105,5 ;149,35 ;101,60
10/2014;0,43 ;107,00 ;85,70 ;111,70 ;101,00 ;109,70 ;100,00 ;108,8 ;150,52 ;101,70
11/2014;0,55 ;100,20 ;104,60 ;118,50 ;106,10 ;101,30 ;103,20 ;94,2 ;149,82 ;101,60
12/2014;0,40 ;110,90 ;134,60 ;158,60 ;157,90 ;92,40 ;120,50 ;76,6 ;150,58 ;99,70
01/2015;2,14 ;100,20 ;145,00 ;119,70 ;103,30 ;94,60 ;94,80 ;81,0 ;151,74 ;99,90
02/2015;1,19 ;93,40 ;104,50 ;115,40 ;91,20 ;89,00 ;85,40 ;80,6 ;150,43 ;100,70
03/2015;1,52 ;108,90 ;90,60 ;126,20 ;103,00 ;96,00 ;94,80 ;89,7 ;149,87 ;100,80
04/2015;0,56 ;103,50 ;77,30 ;92,80 ;89,80 ;88,10 ;91,40 ;83,2 ;148,52 ;98,80
05/2015;0,96 ;106,50 ;80,00 ;93,00 ;99,20 ;88,40 ;92,90 ;89,5 ;147,60 ;97,90
06/2015;0,77 ;103,50 ;71,20 ;101,50 ;87,80 ;87,20 ;90,10 ;89,8 ;147,31 ;97,70
07/2015;0,86 ;103,40 ;72,40 ;81,40 ;88,50 ;93,90 ;92,00 ;91,5 ;144,06 ;95,50
08/2015;0,23 ;105,90 ;75,60 ;96,50 ;91,30 ;89,60 ;91,50 ;94,9 ;145,43 ;96,30
09/2015;0,69 ;101,20 ;67,10 ;100,70 ;88,80 ;88,50 ;89,70 ;91,0 ;145,06 ;95,00
10/2015;0,89 ;104,40 ;72,70 ;76,40 ;93,90 ;91,60 ;95,70 ;94,8 ;145,56 ;95,40
11/2015;0,88 ;99,40 ;79,80 ;114,70 ;96,30 ;86,60 ;96,10 ;81,6 ;143,52 ;94,30
12/2015;0,74 ;112,00 ;101,50 ;133,30 ;136,30 ;78,90 ;114,60 ;66,8 ;144,92 ;93,80
01/2016;1,37 ;98,00 ;119,00 ;73,20 ;81,30 ;79,30 ;86,10 ;68,3 ;144,93 ;94,30
02/2016;0,70 ;96,70 ;86,20 ;88,20 ;72,20 ;77,60 ;83,40 ;71,0 ;143,22 ;92,60
03/2016;0,68 ;108,40 ;75,70 ;117,40 ;79,50 ;83,50 ;91,50 ;78,2 ;143,05 ;95,10
04/2016;0,32 ;101,20 ;59,10 ;82,30 ;75,30 ;78,20 ;85,60 ;81,7 ;144,18 ;93,60
05/2016;1,47 ;102,00 ;57,60 ;80,20 ;77,70 ;79,30 ;85,90 ;84,7 ;141,17 ;93,30
06/2016;0,65 ;100,70 ;55,70 ;82,40 ;79,20 ;80,50 ;84,30 ;87,3 ;140,24 ;93,50
07/2016;0,47 ;102,00 ;57,00 ;76,20 ;75,50 ;80,90 ;84,00 ;90,1 ;140,18 ;94,40
08/2016;0,46 ;100,60 ;64,70 ;88,10 ;76,80 ;83,30 ;86,10 ;92,3 ;138,48 ;93,50
09/2016;-0,06 ;98,80 ;55,20 ;87,10 ;74,60 ;79,80 ;82,20 ;91,3 ;139,37 ;93,50
10/2016;0,04 ;101,00 ;57,50 ;76,10 ;83,80 ;78,10 ;85,50 ;88,7 ;139,03 ;92,50
11/2016;0,07 ;100,00 ;69,90 ;106,20 ;91,30 ;82,50 ;89,60 ;82,4 ;139,15 ;91,70
12/2016;0,05 ;110,20 ;87,30 ;131,10 ;130,00 ;77,70 ;105,70 ;66,3 ;137,05 ;92,00
01/2017;0,07 ;100,00 ;116,80 ;73,10 ;71,90 ;84,90 ;87,00 ;69,4 ;138,71 ;92,60
02/2017;0,14 ;97,90 ;86,10 ;66,50 ;61,20 ;78,10 ;77,70 ;69,8 ;139,66 ;93,80
03/2017;0,38 ;110,70 ;79,80 ;82,40 ;75,80 ;95,30 ;84,50 ;79,4 ;140,32 ;90,10
04/2017;0,16 ;99,90 ;56,70 ;71,00 ;74,00 ;82,10 ;83,10 ;74,2 ;140,94 ;92,80
05/2017;0,51 ;106,20 ;54,30 ;85,80 ;78,30 ;92,10 ;88,50 ;88,5 ;141,71 ;93,30
06/2017;-0,42 ;105,90 ;56,60 ;75,00 ;78,20 ;93,80 ;86,80 ;90,8 ;143,83 ;95,10
07/2017;0,31 ;107,30 ;62,20 ;83,50 ;77,20 ;100,00 ;88,80 ;93,9 ;143,97 ;95,50
08/2017;0,02 ;108,60 ;59,40 ;75,20 ;78,50 ;102,10 ;91,70 ;98,3 ;143,36 ;93,80
09/2017;0,02 ;112,80 ;50,00 ;75,10 ;77,30 ;100,80 ;89,70 ;96,0 ;144,66 ;92,00
10/2017;0,51 ;114,00 ;54,90 ;72,50 ;80,30 ;101,80 ;91,30 ;94,9 ;143,55 ;92,10
11/2017;0,53 ;115,20 ;69,00 ;79,50 ;90,70 ;104,90 ;95,10 ;88,3 ;143,77 ;92,90
12/2017;0,43 ;126,20 ;83,60 ;84,80 ;123,10 ;95,40 ;112,60 ;73,1 ;143,92 ;93,60
01/2018;0,25 ;108,80 ;103,80 ;70,60 ;79,20 ;95,20 ;91,20 ;74,4 ;143,47 ;92,90
02/2018;0,09 ;103,30 ;74,70 ;63,40 ;65,90 ;86,50 ;81,60 ;72,6 ;142,32 ;93,00
03/2018;0,23 ;117,90 ;64,50 ;71,30 ;81,80 ;96,60 ;94,40 ;82,9 ;144,99 ;93,70
04/2018;0,04 ;111,80 ;51,90 ;80,40 ;75,40 ;95,40 ;92,00 ;85,6 ;147,10 ;94,30
05/2018;0,24 ;114,60 ;44,80 ;74,60 ;79,70 ;92,00 ;91,60 ;84,1 ;141,97 ;91,40
06/2018;1,32 ;114,70 ;46,30 ;75,90 ;79,10 ;99,50 ;91,70 ;93,7 ;146,19 ;97,70
07/2018;0,73 ;116,50 ;57,00 ;74,00 ;86,80 ;100,70 ;94,10 ;96,7 ;146,64 ;95,40
08/2018;0,23 ;119,00 ;49,40 ;77,70 ;84,70 ;108,20 ;100,00 ;99,2 ;146,52 ;96,30
09/2018;0,47 ;115,80 ;37,60 ;72,10 ;90,90 ;97,50 ;93,70 ;89,5 ;146,20 ;96,40
10/2018;0,31 ;120,80 ;40,50 ;74,40 ;93,50 ;110,40 ;97,60 ;92,2 ;144,66 ;95,90
11/2018;-0,43 ;124,20 ;43,20 ;81,10 ;120,40 ;104,30 ;101,20 ;85,2 ;146,87 ;96,80
12/2018;0,01 ;138,50 ;57,80 ;86,60 ;135,80 ;96,60 ;114,50 ;69,0 ;147,22 ;97,90
01/2019;0,55 ;120,50 ;54,70 ;76,40 ;95,40 ;99,50 ;96,00 ;70,9 ;147,61 ;96,90
02/2019;0,53 ;114,10 ;46,80 ;73,40 ;76,60 ;96,80 ;88,60 ;76,7 ;148,15 ;97,90
03/2019;0,70 ;127,00 ;38,00 ;86,00 ;86,60 ;102,50 ;93,60 ;77,0 ;147,89 ;96,60
04/2019;0,42 ;120,60 ;38,40 ;63,60 ;87,80 ;103,70 ;96,40 ;83,8 ;148,89 ;97,20
05/2019;0,22 ;128,20 ;39,70 ;70,00 ;90,30 ;106,60 ;100,80 ;94,1 ;149,87 ;98,50
06/2019;-0,08 ;122,80 ;37,70 ;56,40 ;88,50 ;99,70 ;96,70 ;89,1 ;149,89 ;97,20
07/2019;0,16 ;127,60 ;46,40 ;63,10 ;89,10 ;108,50 ;101,70 ;94,4 ;148,50 ;98,30
08/2019;0,38 ;129,50 ;41,00 ;68,80 ;93,40 ;109,60 ;102,00 ;100,1 ;149,56 ;97,30
09/2019;-0,07 ;123,90 ;33,10 ;57,20 ;96,70 ;106,40 ;98,20 ;93,0 ;149,76 ;99,20
10/2019;0,12 ;131,10 ;34,40 ;65,70 ;97,50 ;118,00 ;104,70 ;96,8 ;151,14 ;99,60
11/2019;0,83 ;145,40 ;35,60 ;72,50 ;118,10 ;112,50 ;105,30 ;83,6 ;149,57 ;99,60
12/2019;1,02 ;159,30 ;71,60 ;66,90 ;149,90 ;97,10 ;119,60 ;67,6 ;148,60 ;99,80
01/2020;0,25 ;137,00 ;76,00 ;63,10 ;101,60 ;104,50 ;100,00 ;72,1 ;149,75 ;99,50
02/2020;0,04 ;132,10 ;48,20 ;57,70 ;85,60 ;96,20 ;92,10 ;73,3 ;148,74 ;98,90
03/2020;0,20 ;148,20 ;25,50 ;49,90 ;78,30 ;99,80 ;90,30 ;74,0 ;146,17 ;92,20
04/2020;-0,32 ;104,60 ;14,20 ;38,10 ;64,10 ;86,00 ;67,20 ;57,2 ;131,01 ;81,50
05/2020;-0,14 ;-;-;-;-;-;-;-;-;-
Fonte;IBGE;IBGE;IBGE;IBGE;IBGE;IBGE;IBGE;IBGE;BCB-Depec;BCB e IBGE
07/1989;-;-;-;-;-;-;-;-;26,64 ;26,49
08/1989;-;-;-;-;-;-;-;-;32,88 ;31,78
09/1989;-;-;-;-;-;-;-;-;37,53 ;36,23
10/1989;-;-;-;-;-;-;-;-;39,37 ;39,31
11/1989;-;-;-;-;-;-;-;-;48,15 ;50,22
12/1989;-;-;-;-;-;-;-;-;51,18 ;50,83
01/1990;-;-;-;-;-;-;-;-;67,33 ;67,66
02/1990;-;-;-;-;-;-;-;-;79,47 ;75,87
03/1990;-;-;-;-;-;-;-;-;79,62 ;80,65
04/1990;-;-;-;-;-;-;-;-;14,20 ;13,68
05/1990;-;-;-;-;-;-;-;-;7,36 ;7,34
06/1990;-;-;-;-;-;-;-;-;12,29 ;11,80
07/1990;-;-;-;-;-;-;-;-;13,47 ;13,53
08/1990;-;-;-;-;-;-;-;-;14,53 ;14,08
09/1990;-;-;-;-;-;-;-;-;13,83 ;13,61
10/1990;-;-;-;-;-;-;-;-;15,19 ;16,08
11/1990;-;-;-;-;-;-;-;-;16,74 ;17,83
12/1990;-;-;-;-;-;-;-;-;18,80 ;20,41
01/1991;-;-;-;-;-;-;-;-;21,09 ;21,65
02/1991;-;-;-;-;-;-;-;-;22,86 ;20,19
03/1991;-;-;-;-;-;-;-;-;14,11 ;16,51
04/1991;-;-;-;-;-;-;-;-;4,63 ;4,42
05/1991;-;-;-;-;-;-;-;-;7,76 ;7,51
06/1991;-;-;-;-;-;-;-;-;10,68 ;10,18
07/1991;-;-;-;-;-;-;-;-;11,90 ;11,25
08/1991;-;-;-;-;-;-;-;-;14,99 ;14,97
09/1991;-;-;-;-;-;-;-;-;14,99 ;14,97
10/1991;-;-;-;-;-;-;-;-;20,17 ;21,40
11/1991;-;-;-;-;-;-;-;-;25,05 ;26,26
12/1991;-;-;-;-;-;-;-;-;22,42 ;22,84
01/1992;-;-;-;-;-;-;-;-;26,18 ;26,11
02/1992;-;-;-;-;-;-;-;-;24,87 ;23,46
03/1992;-;-;-;-;-;-;-;-;21,33 ;22,31
04/1992;-;-;-;-;-;-;-;-;19,86 ;21,47
05/1992;-;-;-;-;-;-;-;-;24,33 ;24,54
06/1992;-;-;-;-;-;-;-;-;20,39 ;21,19
07/1992;-;-;-;-;-;-;-;-;22,22 ;22,83
08/1992;-;-;-;-;-;-;-;-;21,76 ;21,87
09/1992;-;-;-;-;-;-;-;-;24,75 ;23,35
10/1992;-;-;-;-;-;-;-;-;24,15 ;25,10
11/1992;-;-;-;-;-;-;-;-;21,90 ;22,18
12/1992;-;-;-;-;-;-;-;-;25,35 ;26,23
01/1993;-;-;-;-;-;-;-;-;30,36 ;27,26
02/1993;-;-;-;-;-;-;-;-;24,60 ;24,12
03/1993;-;-;-;-;-;-;-;-;27,41 ;28,46
04/1993;-;-;-;-;-;-;-;-;27,87 ;29,09
05/1993;-;-;-;-;-;-;-;-;27,24 ;26,18
06/1993;-;-;-;-;-;-;-;-;30,44 ;31,16
07/1993;-;-;-;-;-;-;-;-;32,01 ;31,86
08/1993;-;-;-;-;-;-;-;-;32,56 ;33,11
09/1993;-;-;-;-;-;-;-;-;35,07 ;35,37
10/1993;-;-;-;-;-;-;-;-;33,20 ;33,11
11/1993;-;-;-;-;-;-;-;-;35,28 ;35,35
12/1993;-;-;-;-;-;-;-;-;36,99 ;37,74
01/1994;-;-;-;-;-;-;-;-;40,54 ;39,77
02/1994;-;-;-;-;-;-;-;-;40,79 ;40,73
03/1994;-;-;-;-;-;-;-;-;42,75 ;42,49
04/1994;-;-;-;-;-;-;-;-;43,71 ;44,54
05/1994;-;-;-;-;-;-;-;-;44,32 ;43,26
06/1994;-;-;-;-;-;-;-;-;47,82 ;48,99
07/1994;-;-;-;-;-;-;-;-;6,87 ;7,50
08/1994;-;-;-;-;-;-;-;-;2,14 ;2,56
09/1994;-;-;-;-;-;-;-;-;1,79 ;2,09
10/1994;-;-;-;-;-;-;-;-;2,78 ;3,35
11/1994;-;-;-;-;-;-;-;-;3,16 ;3,45
12/1994;-;-;-;-;-;-;-;-;1,53 ;1,61
01/1995;-;-;-;-;-;-;-;-;1,51 ;1,42
02/1995;-;-;-;-;-;-;-;-;1,37 ;1,48
03/1995;-;-;-;-;-;-;-;-;1,56 ;1,80
04/1995;-;-;-;-;-;-;-;-;2,69 ;2,98
05/1995;-;-;-;-;-;-;-;-;2,29 ;1,70
06/1995;-;-;-;-;-;-;-;-;2,29 ;2,17
07/1995;-;-;-;-;-;-;-;-;3,18 ;3,63
08/1995;-;-;-;-;-;-;-;-;0,83 ;0,89
09/1995;-;-;-;-;-;-;-;-;0,90 ;1,18
10/1995;-;-;-;-;-;-;-;-;1,53 ;1,76
11/1995;-;-;-;-;-;-;-;-;1,54 ;1,98
12/1995;-;-;-;-;-;-;-;-;1,90 ;1,85
01/1996;-;-;-;-;-;-;-;-;1,41 ;1,64
02/1996;-;-;-;-;-;-;-;-;0,83 ;0,66
03/1996;-;-;-;-;-;-;-;-;0,39 ;0,41
04/1996;-;-;-;-;-;-;-;-;1,77 ;1,67
05/1996;-;-;-;-;-;-;-;-;1,18 ;1,25
06/1996;-;-;-;-;-;-;-;-;1,60 ;2,01
07/1996;-;-;-;-;-;-;-;-;1,38 ;1,67
08/1996;-;-;-;-;-;-;-;-;0,44 ;0,52
09/1996;-;-;-;-;-;-;-;-;0,32 ;0,28
10/1996;-;-;-;-;-;-;-;-;0,47 ;0,72
11/1996;-;-;-;-;-;-;-;-;0,36 ;0,54
12/1996;-;-;-;-;-;-;-;-;0,44 ;0,38
01/1997;-;-;-;-;-;-;-;-;1,50 ;1,13
02/1997;-;-;-;-;-;-;-;-;0,60 ;0,76
03/1997;-;-;-;-;-;-;-;-;0,56 ;0,84
04/1997;-;-;-;-;-;-;-;-;0,84 ;0,78
05/1997;-;-;-;-;-;-;-;-;0,49 ;0,23
06/1997;-;-;-;-;-;-;-;-;0,90 ;1,00
07/1997;-;-;-;-;-;-;-;-;0,24 ;0,25
08/1997;-;-;-;-;-;-;-;-;-0,05 ;-0,10
09/1997;-;-;-;-;-;-;-;-;0,06 ;0,12
10/1997;-;-;-;-;-;-;-;-;0,18 ;0,24
11/1997;-;-;-;-;-;-;-;-;0,08 ;0,00
12/1997;-;-;-;-;-;-;-;-;0,22 ;0,33
01/1998;-;-;-;-;-;-;-;100,01 ;0,43 ;0,45
02/1998;-;-;-;-;-;-;-;99,65 ;0,59 ;0,75
03/1998;-;-;-;-;-;-;-;101,97 ;0,10 ;0,22
04/1998;-;-;-;-;-;-;-;106,30 ;0,09 ;0,26
05/1998;-;-;-;-;-;-;-;112,14 ;0,46 ;0,70
06/1998;-;-;-;-;-;-;-;111,47 ;-0,20 ;-0,15
07/1998;-;-;-;-;-;-;-;105,08 ;-0,13 ;-0,30
08/1998;-;-;-;-;-;-;-;101,43 ;-0,47 ;-0,33
09/1998;-;-;-;-;-;-;-;100,53 ;-0,20 ;-0,25
10/1998;-;-;-;-;-;-;-;102,49 ;0,06 ;0,08
11/1998;-;-;-;-;-;-;-;101,76 ;-0,21 ;-0,34
12/1998;-;-;-;-;-;-;-;102,09 ;0,23 ;0,20
01/1999;-;-;-;-;-;-;-;104,86 ;0,91 ;0,85
02/1999;-;-;-;-;-;-;-;106,75 ;0,84 ;1,22
03/1999;-;-;-;-;-;-;-;106,28 ;0,97 ;1,11
04/1999;-;-;-;-;-;-;-;104,54 ;0,35 ;0,33
05/1999;-;-;-;-;-;-;-;105,05 ;0,27 ;-0,01
06/1999;-;-;-;-;-;-;-;104,00 ;0,12 ;0,02
07/1999;-;-;-;-;-;-;-;103,03 ;0,81 ;0,48
08/1999;-;-;-;-;-;-;-;106,23 ;0,61 ;0,76
09/1999;-;-;-;-;-;-;-;108,17 ;0,36 ;0,54
10/1999;-;-;-;-;-;-;-;111,11 ;1,42 ;0,90
11/1999;-;-;-;-;-;-;-;111,91 ;0,83 ;0,69
12/1999;-;-;-;-;-;-;-;111,96 ;0,49 ;0,50
01/2000;45,40 ;89,10 ;49,40 ;49,00 ;27,80 ;85,80 ;48,50 ;112,22 ;0,67 ;0,34
02/2000;46,50 ;86,60 ;48,70 ;53,00 ;27,60 ;102,90 ;47,70 ;110,80 ;-0,23 ;-0,23
03/2000;49,10 ;91,30 ;51,80 ;56,80 ;29,90 ;97,60 ;51,00 ;115,13 ;0,14 ;0,12
04/2000;48,00 ;88,60 ;51,80 ;61,30 ;28,70 ;92,50 ;50,50 ;115,92 ;0,48 ;0,13
05/2000;50,20 ;86,40 ;49,90 ;77,00 ;33,40 ;102,50 ;48,70 ;111,78 ;-0,07 ;-0,08
06/2000;46,30 ;88,50 ;49,40 ;68,50 ;29,10 ;92,40 ;48,20 ;109,44 ;0,18 ;0,46
07/2000;48,90 ;88,50 ;51,50 ;68,20 ;31,70 ;102,50 ;50,70 ;111,43 ;1,75 ;1,58
08/2000;48,90 ;83,50 ;50,50 ;63,90 ;33,90 ;113,90 ;49,40 ;114,63 ;1,38 ;1,22
09/2000;48,20 ;81,70 ;50,80 ;58,10 ;32,50 ;97,40 ;49,90 ;119,47 ;0,12 ;0,20
10/2000;49,40 ;85,80 ;50,70 ;59,10 ;34,30 ;105,10 ;49,60 ;122,61 ;0,21 ;0,24
11/2000;49,70 ;83,00 ;50,40 ;69,20 ;36,00 ;105,20 ;49,10 ;121,61 ;0,13 ;0,06
12/2000;67,70 ;91,90 ;66,30 ;123,60 ;50,30 ;97,90 ;65,10 ;119,54 ;0,33 ;0,10
01/2001;45,70 ;86,40 ;50,10 ;50,80 ;32,20 ;104,40 ;48,70 ;123,36 ;0,25 ;0,29
02/2001;43,40 ;80,10 ;48,50 ;52,00 ;29,00 ;89,90 ;47,50 ;123,44 ;0,29 ;0,14
03/2001;49,10 ;86,10 ;53,80 ;60,10 ;33,80 ;110,50 ;52,50 ;124,76 ;0,30 ;0,43
04/2001;46,90 ;83,80 ;53,40 ;58,20 ;30,20 ;98,30 ;51,50 ;129,49 ;0,33 ;0,51
05/2001;47,60 ;85,60 ;50,30 ;77,30 ;33,60 ;97,20 ;49,10 ;129,78 ;0,28 ;0,45
06/2001;45,70 ;84,90 ;50,10 ;67,50 ;29,40 ;89,30 ;49,20 ;127,58 ;0,97 ;1,77
07/2001;46,10 ;86,70 ;50,20 ;62,30 ;31,10 ;97,70 ;49,40 ;125,68 ;1,77 ;1,66
08/2001;47,60 ;85,90 ;51,30 ;66,70 ;30,80 ;91,80 ;50,30 ;126,39 ;0,67 ;0,63
09/2001;46,50 ;83,30 ;51,90 ;59,00 ;31,00 ;76,50 ;51,10 ;125,01 ;0,09 ;0,13
10/2001;49,70 ;86,60 ;52,80 ;66,30 ;33,80 ;90,20 ;51,70 ;125,00 ;0,66 ;0,88
11/2001;48,60 ;84,40 ;52,40 ;73,00 ;33,90 ;84,50 ;51,60 ;127,28 ;0,56 ;2,08
12/2001;66,10 ;84,70 ;67,20 ;127,00 ;49,10 ;75,70 ;66,70 ;128,60 ;0,52 ;0,50
01/2002;44,40 ;81,30 ;50,60 ;51,20 ;32,80 ;78,50 ;49,80 ;128,63 ;0,19 ;0,52
02/2002;42,40 ;75,80 ;48,70 ;51,70 ;29,70 ;66,50 ;48,00 ;129,21 ;0,32 ;0,16
03/2002;49,20 ;87,40 ;57,60 ;59,10 ;30,90 ;76,00 ;56,80 ;129,89 ;0,42 ;0,48
04/2002;45,70 ;83,80 ;50,70 ;58,30 ;32,60 ;82,20 ;49,70 ;132,22 ;0,80 ;0,68
05/2002;48,20 ;82,40 ;53,40 ;72,90 ;33,50 ;72,00 ;52,70 ;129,26 ;0,34 ;0,23
06/2002;45,20 ;78,80 ;50,40 ;62,10 ;30,20 ;64,10 ;49,90 ;131,50 ;0,27 ;0,45
07/2002;46,40 ;87,10 ;50,90 ;66,90 ;29,80 ;71,40 ;50,60 ;134,64 ;1,30 ;1,45
08/2002;48,40 ;92,10 ;52,90 ;67,80 ;31,70 ;74,60 ;52,50 ;138,29 ;0,66 ;0,81
09/2002;45,20 ;89,30 ;49,40 ;58,50 ;30,30 ;73,50 ;49,10 ;140,45 ;0,59 ;0,50
10/2002;49,50 ;92,20 ;53,10 ;65,50 ;33,90 ;75,20 ;52,60 ;142,12 ;1,16 ;1,36
11/2002;48,00 ;83,50 ;52,20 ;71,60 ;31,40 ;67,70 ;51,60 ;154,74 ;2,88 ;3,09
12/2002;62,00 ;88,30 ;62,20 ;128,00 ;42,60 ;61,90 ;62,50 ;158,73 ;1,92 ;2,29
01/2003;42,80 ;76,00 ;48,90 ;52,20 ;27,90 ;62,30 ;48,60 ;162,79 ;2,28 ;2,68
02/2003;41,60 ;70,80 ;46,90 ;55,10 ;26,60 ;64,30 ;46,80 ;166,54 ;1,61 ;1,92
03/2003;43,80 ;75,50 ;50,70 ;58,90 ;26,10 ;56,30 ;50,50 ;174,59 ;1,03 ;1,09
04/2003;44,00 ;76,50 ;51,30 ;57,50 ;24,80 ;57,20 ;51,00 ;185,40 ;0,58 ;0,61
05/2003;45,70 ;78,00 ;50,80 ;66,90 ;29,00 ;56,00 ;50,70 ;175,95 ;0,39 ;0,62
06/2003;42,60 ;75,60 ;47,10 ;59,90 ;27,30 ;54,80 ;46,90 ;169,22 ;-0,15 ;0,02
07/2003;44,40 ;84,00 ;49,30 ;62,60 ;28,60 ;57,00 ;49,30 ;162,15 ;0,26 ;0,17
08/2003;46,10 ;83,00 ;51,20 ;64,40 ;30,50 ;54,70 ;51,10 ;158,34 ;0,24 ;0,16
09/2003;43,90 ;80,60 ;48,40 ;56,20 ;30,70 ;63,80 ;48,20 ;161,45 ;0,84 ;0,94
10/2003;47,60 ;86,40 ;51,50 ;64,80 ;34,60 ;67,10 ;51,30 ;162,58 ;0,21 ;0,27
11/2003;47,90 ;82,80 ;51,50 ;72,90 ;33,20 ;65,90 ;51,20 ;163,54 ;0,16 ;0,18
12/2003;63,20 ;84,10 ;63,20 ;130,70 ;52,40 ;66,60 ;63,70 ;164,79 ;0,44 ;0,36
01/2004;45,40 ;85,20 ;49,70 ;54,10 ;32,50 ;62,80 ;49,60 ;171,03 ;0,49 ;0,32
02/2004;44,40 ;79,00 ;48,80 ;50,90 ;32,70 ;60,50 ;48,70 ;167,00 ;0,45 ;0,10
03/2004;47,70 ;89,70 ;50,90 ;60,80 ;36,60 ;71,30 ;50,70 ;166,96 ;0,49 ;0,54
04/2004;48,20 ;85,70 ;53,40 ;59,20 ;35,50 ;63,40 ;53,30 ;165,00 ;0,29 ;0,19
05/2004;50,40 ;81,90 ;52,30 ;88,00 ;40,60 ;66,10 ;52,10 ;168,68 ;0,51 ;0,43
06/2004;48,10 ;85,50 ;50,20 ;73,70 ;37,80 ;69,00 ;50,20 ;174,90 ;0,88 ;0,69
07/2004;49,90 ;91,40 ;53,20 ;69,70 ;38,70 ;67,70 ;53,20 ;173,95 ;1,19 ;1,22
08/2004;48,70 ;87,80 ;52,30 ;63,00 ;39,10 ;71,40 ;52,30 ;182,26 ;0,57 ;0,41
09/2004;48,10 ;86,90 ;52,30 ;59,80 ;36,90 ;69,80 ;52,30 ;178,37 ;0,28 ;0,28
10/2004;51,20 ;89,10 ;56,00 ;62,90 ;39,90 ;69,40 ;56,10 ;177,14 ;0,58 ;0,29
11/2004;50,60 ;84,90 ;54,40 ;69,40 ;40,20 ;73,50 ;54,40 ;171,06 ;0,75 ;0,42
12/2004;70,30 ;90,80 ;70,20 ;134,10 ;65,60 ;77,10 ;70,30 ;172,20 ;0,70 ;0,59
01/2005;47,70 ;82,60 ;52,20 ;54,30 ;38,20 ;68,40 ;52,00 ;172,87 ;0,53 ;0,38
02/2005;43,30 ;67,10 ;47,60 ;49,60 ;35,40 ;55,60 ;46,20 ;175,04 ;0,68 ;0,59
03/2005;49,70 ;77,00 ;53,40 ;58,80 ;41,30 ;70,20 ;53,50 ;175,87 ;0,87 ;1,35
04/2005;48,40 ;76,50 ;50,00 ;69,40 ;42,80 ;64,40 ;50,10 ;180,93 ;0,73 ;0,84
05/2005;50,50 ;78,20 ;50,60 ;77,70 ;48,00 ;65,50 ;50,50 ;188,63 ;0,37 ;0,55
06/2005;48,90 ;79,20 ;49,10 ;70,50 ;45,70 ;68,70 ;48,90 ;183,14 ;-0,02 ;-0,05
07/2005;51,20 ;80,40 ;52,50 ;74,40 ;46,70 ;63,60 ;52,40 ;178,22 ;0,07 ;-0,28
08/2005;51,10 ;80,30 ;53,10 ;70,20 ;44,40 ;75,00 ;53,00 ;175,12 ;0,01 ;-0,26
09/2005;48,80 ;79,40 ;51,30 ;68,70 ;38,50 ;70,00 ;51,20 ;172,34 ;0,47 ;0,30
10/2005;52,20 ;80,00 ;54,90 ;72,00 ;43,70 ;69,90 ;54,80 ;174,77 ;0,92 ;0,50
11/2005;51,90 ;76,90 ;53,50 ;75,30 ;45,70 ;77,70 ;53,50 ;184,67 ;0,37 ;0,13
12/2005;72,90 ;84,90 ;70,40 ;144,60 ;70,00 ;77,70 ;70,60 ;183,43 ;0,26 ;0,17
01/2006;51,30 ;76,40 ;55,30 ;61,60 ;41,30 ;69,40 ;55,40 ;177,45 ;0,30 ;-0,07
02/2006;46,30 ;60,80 ;51,00 ;54,30 ;37,50 ;51,50 ;49,40 ;175,54 ;0,34 ;0,15
03/2006;51,20 ;65,80 ;55,50 ;60,30 ;42,70 ;67,60 ;53,70 ;177,28 ;0,37 ;0,07
04/2006;52,10 ;62,10 ;56,90 ;67,30 ;43,90 ;57,20 ;56,90 ;182,95 ;0,07 ;-0,06
05/2006;53,10 ;64,80 ;52,80 ;85,20 ;52,80 ;69,20 ;52,70 ;178,99 ;-0,01 ;0,11
06/2006;50,80 ;63,20 ;52,80 ;68,70 ;45,60 ;58,70 ;52,80 ;172,31 ;-0,30 ;-0,14
07/2006;52,10 ;72,50 ;54,40 ;69,70 ;45,20 ;67,70 ;54,40 ;170,50 ;0,15 ;0,12
08/2006;53,60 ;73,80 ;55,20 ;70,30 ;49,00 ;73,50 ;55,10 ;169,62 ;0,04 ;0,02
09/2006;53,50 ;70,40 ;55,80 ;69,10 ;47,80 ;68,50 ;55,70 ;172,10 ;0,18 ;0,19
10/2006;55,60 ;72,20 ;56,80 ;68,10 ;54,60 ;76,00 ;56,70 ;179,74 ;0,29 ;0,39
11/2006;55,90 ;73,30 ;56,70 ;79,10 ;53,60 ;77,00 ;56,60 ;185,29 ;0,26 ;0,42
12/2006;76,70 ;78,50 ;72,90 ;148,20 ;74,10 ;76,20 ;73,20 ;182,05 ;0,92 ;1,48
01/2007;54,10 ;74,20 ;54,40 ;66,70 ;55,40 ;70,10 ;54,50 ;184,72 ;0,50 ;0,40
02/2007;50,80 ;69,10 ;53,60 ;56,40 ;46,90 ;61,60 ;53,60 ;185,96 ;0,50 ;0,28
03/2007;58,40 ;74,90 ;60,30 ;67,10 ;54,80 ;77,90 ;60,30 ;192,86 ;0,30 ;0,29
04/2007;57,80 ;71,20 ;60,40 ;71,80 ;49,70 ;75,00 ;60,50 ;188,80 ;0,28 ;0,26
05/2007;60,80 ;70,60 ;58,60 ;100,30 ;59,20 ;80,20 ;58,70 ;184,93 ;0,29 ;0,26
06/2007;58,40 ;69,20 ;58,40 ;81,70 ;54,30 ;76,60 ;58,40 ;187,45 ;0,35 ;0,51
07/2007;58,60 ;71,80 ;58,80 ;78,50 ;54,20 ;82,90 ;58,90 ;186,98 ;-0,17 ;-0,18
08/2007;60,90 ;75,00 ;60,50 ;80,60 ;57,80 ;91,70 ;60,60 ;193,04 ;0,47 ;0,51
09/2007;60,30 ;74,50 ;62,10 ;73,20 ;55,20 ;78,90 ;62,20 ;194,34 ;0,19 ;0,27
10/2007;62,20 ;77,60 ;61,80 ;79,80 ;59,90 ;95,70 ;61,70 ;201,25 ;0,19 ;0,16
11/2007;64,60 ;79,90 ;62,60 ;92,20 ;64,90 ;89,40 ;62,50 ;205,48 ;0,36 ;0,38
12/2007;87,30 ;80,70 ;80,30 ;165,90 ;83,50 ;83,20 ;80,30 ;214,63 ;0,56 ;0,73
01/2008;62,20 ;80,90 ;60,60 ;77,60 ;63,50 ;81,30 ;60,50 ;229,09 ;0,55 ;0,64
02/2008;59,30 ;75,50 ;59,60 ;67,80 ;59,60 ;78,60 ;59,40 ;226,20 ;0,37 ;0,18
03/2008;67,70 ;83,00 ;68,10 ;80,50 ;65,50 ;90,20 ;67,90 ;223,94 ;0,42 ;0,45
04/2008;63,80 ;76,50 ;61,90 ;88,00 ;66,90 ;95,00 ;61,60 ;227,81 ;0,43 ;0,54
05/2008;70,40 ;83,30 ;65,70 ;111,60 ;74,40 ;90,70 ;65,40 ;233,92 ;0,88 ;1,13
06/2008;65,50 ;83,90 ;61,70 ;96,60 ;65,90 ;99,00 ;61,40 ;245,24 ;0,82 ;1,09
07/2008;66,40 ;90,10 ;63,90 ;86,80 ;66,80 ;101,10 ;63,60 ;252,13 ;0,54 ;0,68
08/2008;69,50 ;89,80 ;68,00 ;88,20 ;68,40 ;91,80 ;67,60 ;241,15 ;0,37 ;0,41
09/2008;67,70 ;87,70 ;64,70 ;86,00 ;70,20 ;104,90 ;64,20 ;234,68 ;0,36 ;0,32
10/2008;70,90 ;89,90 ;68,60 ;83,80 ;73,30 ;82,30 ;68,10 ;238,15 ;0,55 ;0,60
11/2008;69,70 ;82,80 ;68,90 ;88,40 ;68,50 ;69,90 ;68,40 ;238,66 ;0,17 ;0,08
12/2008;92,80 ;86,40 ;85,20 ;160,60 ;88,90 ;76,70 ;84,80 ;239,49 ;0,01 ;0,08
01/2009;67,60 ;81,00 ;67,80 ;75,90 ;70,10 ;80,90 ;67,40 ;241,53 ;0,24 ;0,28
02/2009;62,90 ;77,60 ;65,70 ;60,30 ;58,80 ;78,50 ;65,20 ;237,34 ;0,65 ;0,38
03/2009;68,80 ;85,50 ;70,70 ;70,70 ;61,40 ;105,50 ;70,10 ;221,90 ;0,30 ;0,42
04/2009;70,20 ;82,80 ;73,40 ;79,80 ;58,40 ;85,40 ;73,00 ;225,63 ;0,44 ;0,63
05/2009;73,20 ;84,40 ;73,40 ;95,30 ;66,30 ;95,30 ;73,00 ;227,36 ;0,31 ;0,35
06/2009;70,30 ;80,90 ;68,80 ;99,70 ;62,20 ;119,90 ;68,20 ;228,10 ;0,36 ;0,47
07/2009;71,70 ;84,90 ;72,20 ;86,60 ;68,20 ;95,50 ;71,70 ;227,17 ;0,57 ;0,79
08/2009;73,80 ;85,90 ;75,00 ;81,90 ;70,50 ;102,30 ;74,50 ;225,69 ;0,24 ;0,16
09/2009;72,00 ;86,20 ;72,20 ;78,40 ;71,40 ;123,40 ;71,60 ;229,89 ;0,21 ;0,24
10/2009;77,70 ;92,70 ;78,30 ;85,40 ;76,20 ;101,80 ;77,70 ;230,03 ;0,31 ;0,25
11/2009;76,80 ;89,10 ;76,40 ;93,60 ;78,90 ;97,70 ;75,80 ;234,99 ;0,36 ;0,31
12/2009;100,50 ;94,20 ;92,90 ;171,20 ;103,20 ;100,60 ;92,10 ;228,19 ;0,45 ;0,30
01/2010;75,60 ;88,60 ;75,20 ;74,20 ;83,80 ;87,90 ;74,50 ;225,02 ;1,00 ;1,55
02/2010;70,60 ;81,00 ;73,50 ;67,00 ;69,70 ;93,50 ;72,90 ;229,64 ;0,78 ;0,67
03/2010;80,00 ;90,60 ;81,70 ;82,30 ;78,10 ;138,60 ;81,00 ;253,74 ;0,30 ;0,45
04/2010;77,00 ;87,80 ;78,40 ;93,60 ;71,50 ;95,50 ;77,80 ;261,39 ;0,45 ;0,61
05/2010;80,70 ;92,90 ;79,40 ;108,50 ;78,00 ;97,90 ;78,70 ;256,31 ;0,33 ;0,30
06/2010;78,50 ;88,80 ;76,90 ;99,70 ;73,70 ;100,10 ;76,30 ;249,06 ;0,00 ;-0,14
07/2010;79,50 ;91,80 ;79,70 ;95,70 ;75,20 ;106,70 ;78,90 ;239,38 ;-0,01 ;-0,01
08/2010;81,00 ;94,90 ;80,30 ;93,60 ;80,50 ;121,40 ;79,50 ;235,65 ;0,00 ;0,07
09/2010;79,70 ;93,30 ;78,80 ;88,70 ;79,50 ;114,10 ;77,90 ;241,08 ;0,68 ;0,80
10/2010;83,60 ;96,80 ;83,20 ;96,40 ;84,90 ;119,10 ;82,30 ;253,79 ;0,79 ;1,01
11/2010;83,10 ;94,80 ;79,10 ;101,70 ;93,50 ;125,70 ;78,40 ;264,61 ;0,62 ;0,85
12/2010;110,70 ;101,10 ;98,70 ;193,40 ;117,90 ;120,60 ;98,00 ;265,15 ;0,70 ;0,74
01/2011;80,80 ;92,70 ;78,60 ;82,70 ;97,30 ;100,00 ;78,00 ;261,25 ;0,88 ;1,13
02/2011;74,60 ;88,40 ;75,50 ;77,00 ;76,50 ;110,30 ;74,80 ;261,18 ;1,00 ;0,75
03/2011;83,30 ;96,40 ;82,60 ;91,10 ;85,20 ;117,20 ;81,80 ;267,58 ;0,78 ;0,55
04/2011;83,40 ;89,60 ;85,60 ;92,90 ;82,90 ;109,50 ;84,80 ;268,52 ;0,79 ;0,81
05/2011;85,10 ;90,10 ;80,80 ;115,10 ;93,60 ;124,10 ;79,90 ;272,98 ;0,33 ;0,33
06/2011;83,60 ;90,30 ;78,50 ;113,60 ;84,30 ;113,60 ;77,70 ;273,48 ;0,21 ;0,24
07/2011;84,80 ;93,10 ;83,90 ;99,70 ;87,90 ;114,70 ;83,10 ;263,38 ;0,12 ;-0,07
08/2011;84,70 ;93,50 ;83,60 ;92,60 ;88,60 ;123,40 ;82,80 ;266,75 ;0,39 ;0,50
09/2011;83,70 ;91,10 ;81,90 ;88,50 ;90,20 ;118,20 ;81,10 ;267,19 ;0,51 ;0,55
10/2011;87,60 ;94,00 ;85,90 ;92,10 ;98,20 ;114,80 ;85,20 ;266,97 ;0,38 ;0,38
11/2011;88,30 ;92,50 ;84,70 ;99,30 ;103,50 ;125,10 ;84,10 ;276,31 ;0,52 ;0,59
12/2011;117,80 ;96,90 ;103,40 ;191,60 ;134,00 ;122,20 ;102,80 ;277,27 ;0,40 ;0,43
01/2012;88,00 ;84,00 ;87,90 ;81,20 ;102,90 ;110,40 ;87,70 ;285,54 ;0,53 ;0,40
02/2012;83,90 ;88,00 ;88,00 ;72,00 ;84,40 ;101,60 ;87,70 ;276,54 ;0,33 ;0,23
03/2012;93,70 ;92,60 ;97,50 ;87,60 ;96,30 ;128,70 ;97,40 ;273,25 ;0,07 ;-0,06
04/2012;89,00 ;85,80 ;92,20 ;88,80 ;91,40 ;113,40 ;91,90 ;277,27 ;0,66 ;0,79
05/2012;93,20 ;89,00 ;90,70 ;119,20 ;97,40 ;128,70 ;90,10 ;283,69 ;0,22 ;0,37
06/2012;90,50 ;85,80 ;90,80 ;106,90 ;93,00 ;145,10 ;90,50 ;287,63 ;0,00 ;0,15
07/2012;92,20 ;95,80 ;92,40 ;102,40 ;97,60 ;141,50 ;92,10 ;299,39 ;0,36 ;0,32
08/2012;95,00 ;106,20 ;94,50 ;97,00 ;102,30 ;161,80 ;94,10 ;306,02 ;0,31 ;0,27
09/2012;92,30 ;101,10 ;95,10 ;90,90 ;94,00 ;111,10 ;95,00 ;309,08 ;0,47 ;0,54
10/2012;95,80 ;104,00 ;95,50 ;92,50 ;109,00 ;141,00 ;95,00 ;311,55 ;0,53 ;0,67
11/2012;97,50 ;99,20 ;96,30 ;103,50 ;110,60 ;122,20 ;96,30 ;299,26 ;0,52 ;0,44
12/2012;126,60 ;99,40 ;119,20 ;188,50 ;155,80 ;132,60 ;119,40 ;304,90 ;0,62 ;0,51
01/2013;92,90 ;91,30 ;92,10 ;83,80 ;112,60 ;115,60 ;91,90 ;318,40 ;0,99 ;1,02
02/2013;84,00 ;87,20 ;87,80 ;72,40 ;85,90 ;108,10 ;87,70 ;326,59 ;0,66 ;0,46
03/2013;98,30 ;100,20 ;103,70 ;94,00 ;94,60 ;130,10 ;103,90 ;336,26 ;0,48 ;0,45
04/2013;89,20 ;98,50 ;88,50 ;99,70 ;94,50 ;132,70 ;88,20 ;344,30 ;0,54 ;0,53
05/2013;96,70 ;103,50 ;95,50 ;115,80 ;100,00 ;131,20 ;95,50 ;342,05 ;0,21 ;0,23
06/2013;92,60 ;103,10 ;93,10 ;103,00 ;91,00 ;129,60 ;92,90 ;340,46 ;0,29 ;0,49
07/2013;97,40 ;105,70 ;97,10 ;110,30 ;100,20 ;132,20 ;96,90 ;327,44 ;0,06 ;-0,21
08/2013;101,70 ;110,90 ;102,50 ;100,30 ;104,90 ;137,70 ;102,30 ;319,66 ;0,26 ;0,18
09/2013;96,60 ;103,90 ;97,40 ;90,80 ;94,50 ;123,70 ;97,10 ;312,07 ;0,36 ;0,27
10/2013;101,90 ;109,90 ;100,10 ;95,80 ;107,30 ;136,60 ;99,60 ;321,14 ;0,69 ;0,74
11/2013;103,60 ;106,60 ;103,50 ;108,50 ;114,00 ;134,30 ;103,40 ;325,56 ;0,45 ;0,44
12/2013;130,90 ;106,90 ;124,10 ;192,70 ;132,90 ;134,70 ;124,40 ;327,24 ;0,94 ;0,71
01/2014;98,90 ;97,30 ;99,10 ;83,60 ;109,90 ;115,30 ;99,00 ;323,47 ;0,53 ;0,60
02/2014;91,20 ;97,00 ;93,90 ;71,20 ;89,80 ;108,80 ;93,80 ;325,35 ;0,97 ;0,83
03/2014;97,80 ;100,00 ;101,30 ;83,30 ;101,20 ;98,00 ;101,40 ;351,46 ;0,93 ;0,84
04/2014;96,00 ;95,50 ;98,90 ;87,90 ;97,10 ;101,90 ;99,10 ;357,85 ;0,47 ;0,54
05/2014;99,90 ;97,00 ;98,20 ;111,70 ;105,40 ;106,30 ;98,30 ;366,54 ;0,12 ;0,10
06/2014;92,60 ;93,60 ;94,10 ;94,80 ;87,30 ;90,10 ;94,00 ;354,63 ;0,37 ;0,20
07/2014;95,30 ;99,10 ;95,90 ;103,00 ;88,10 ;100,50 ;95,90 ;345,42 ;0,18 ;0,31
08/2014;99,10 ;104,80 ;100,10 ;96,00 ;95,60 ;85,80 ;100,00 ;337,80 ;0,18 ;0,01
09/2014;94,20 ;102,60 ;94,00 ;85,60 ;90,40 ;94,50 ;93,70 ;333,12 ;0,65 ;0,53
10/2014;100,90 ;107,70 ;101,20 ;92,00 ;97,20 ;94,70 ;101,00 ;341,04 ;0,42 ;0,43
11/2014;104,10 ;103,90 ;102,10 ;108,10 ;110,10 ;100,90 ;102,10 ;347,96 ;0,50 ;0,55
12/2014;130,00 ;101,40 ;121,20 ;182,90 ;128,00 ;103,20 ;121,60 ;354,19 ;0,63 ;0,40
01/2015;99,90 ;94,80 ;99,10 ;82,70 ;106,80 ;80,80 ;99,40 ;371,22 ;1,51 ;2,14
02/2015;89,20 ;83,00 ;91,50 ;69,40 ;80,80 ;73,80 ;91,80 ;378,86 ;1,25 ;1,19
03/2015;97,40 ;93,20 ;98,20 ;81,00 ;86,70 ;87,80 ;98,20 ;379,35 ;1,31 ;1,52
04/2015;93,00 ;91,10 ;96,80 ;80,00 ;79,50 ;87,80 ;97,00 ;387,05 ;0,58 ;0,56
05/2015;96,50 ;93,10 ;96,50 ;102,50 ;86,10 ;84,30 ;96,50 ;402,05 ;0,69 ;0,96
06/2015;89,80 ;87,50 ;91,00 ;89,00 ;76,20 ;91,70 ;91,20 ;392,77 ;0,79 ;0,77
07/2015;91,70 ;93,10 ;94,20 ;90,50 ;76,80 ;92,30 ;94,10 ;395,83 ;0,79 ;0,86
08/2015;92,50 ;96,90 ;95,40 ;80,40 ;76,00 ;89,50 ;95,00 ;386,04 ;0,24 ;0,23
09/2015;90,20 ;92,70 ;93,50 ;73,90 ;76,70 ;88,60 ;93,20 ;383,21 ;0,71 ;0,69
10/2015;97,50 ;93,20 ;103,60 ;79,90 ;84,60 ;92,10 ;103,60 ;382,13 ;0,99 ;0,89
11/2015;97,80 ;87,60 ;100,00 ;85,20 ;97,40 ;94,30 ;100,00 ;399,21 ;0,88 ;0,88
12/2015;122,10 ;91,10 ;119,90 ;162,50 ;107,40 ;105,10 ;120,30 ;412,12 ;0,84 ;0,74
01/2016;89,50 ;77,30 ;96,00 ;67,20 ;78,70 ;78,70 ;96,30 ;448,31 ;1,10 ;1,37
02/2016;86,10 ;75,70 ;93,90 ;58,70 ;74,90 ;77,80 ;94,00 ;443,40 ;0,82 ;0,70
03/2016;92,80 ;85,30 ;99,70 ;63,50 ;78,40 ;90,40 ;99,90 ;444,11 ;0,57 ;0,68
04/2016;88,50 ;82,00 ;96,00 ;69,20 ;74,30 ;79,60 ;96,00 ;442,42 ;0,36 ;0,32
05/2016;89,80 ;81,70 ;94,80 ;89,40 ;75,70 ;76,90 ;94,90 ;449,70 ;0,93 ;1,47
06/2016;88,00 ;83,50 ;91,90 ;91,00 ;70,40 ;75,10 ;92,00 ;469,02 ;0,41 ;0,65
07/2016;89,40 ;82,90 ;96,90 ;73,10 ;74,30 ;70,10 ;97,10 ;475,27 ;0,33 ;0,47
08/2016;89,80 ;83,00 ;97,50 ;71,90 ;71,80 ;76,60 ;97,90 ;475,11 ;0,55 ;0,46
09/2016;85,60 ;83,10 ;92,10 ;64,80 ;70,40 ;73,70 ;91,70 ;471,57 ;0,06 ;-0,06
10/2016;91,30 ;82,50 ;98,60 ;70,40 ;78,40 ;71,70 ;97,90 ;469,55 ;0,23 ;0,04
11/2016;94,40 ;78,70 ;98,20 ;77,30 ;92,60 ;78,10 ;97,40 ;450,39 ;0,26 ;0,07
12/2016;117,00 ;87,40 ;115,90 ;145,70 ;104,00 ;83,10 ;115,20 ;438,89 ;0,35 ;0,05
01/2017;90,00 ;80,30 ;99,20 ;65,90 ;89,30 ;79,00 ;100,50 ;435,89 ;0,23 ;0,07
02/2017;83,40 ;78,60 ;93,80 ;61,50 ;76,20 ;60,80 ;95,90 ;426,22 ;0,27 ;0,14
03/2017;84,60 ;93,90 ;82,70 ;72,50 ;92,60 ;80,00 ;82,80 ;435,34 ;0,31 ;0,38
04/2017;90,10 ;93,40 ;97,90 ;80,20 ;77,70 ;62,90 ;100,70 ;446,28 ;0,16 ;0,16
05/2017;91,50 ;97,80 ;92,70 ;91,10 ;92,00 ;77,90 ;94,60 ;458,93 ;0,36 ;0,51
06/2017;90,70 ;99,00 ;91,90 ;93,20 ;85,90 ;72,50 ;93,70 ;441,61 ;-0,31 ;-0,42
07/2017;92,50 ;96,60 ;95,90 ;91,00 ;86,70 ;73,50 ;98,10 ;445,83 ;0,38 ;0,31
08/2017;91,40 ;95,90 ;94,90 ;83,70 ;87,20 ;88,40 ;96,80 ;431,66 ;0,29 ;0,02
09/2017;91,30 ;92,80 ;98,50 ;74,60 ;79,30 ;80,50 ;100,60 ;421,02 ;0,19 ;0,02
10/2017;93,10 ;95,60 ;99,20 ;77,60 ;84,10 ;81,80 ;101,50 ;428,13 ;0,50 ;0,51
11/2017;98,70 ;84,00 ;102,10 ;87,50 ;107,90 ;80,60 ;104,60 ;423,23 ;0,58 ;0,53
12/2017;123,40 ;85,20 ;122,30 ;174,10 ;110,90 ;87,70 ;126,40 ;424,36 ;0,62 ;0,43
01/2018;91,80 ;76,70 ;100,20 ;65,90 ;91,30 ;87,90 ;102,80 ;439,20 ;0,21 ;0,25
02/2018;82,70 ;71,90 ;93,00 ;55,10 ;75,40 ;76,50 ;95,00 ;437,33 ;0,29 ;0,09
03/2018;92,80 ;88,50 ;99,20 ;72,50 ;85,90 ;98,10 ;100,60 ;437,84 ;0,22 ;0,23
04/2018;90,00 ;94,80 ;96,70 ;72,50 ;78,00 ;96,50 ;98,60 ;434,80 ;0,10 ;0,04
05/2018;94,10 ;94,80 ;100,40 ;86,10 ;80,60 ;83,90 ;102,30 ;441,16 ;0,19 ;0,24
06/2018;91,40 ;89,70 ;95,70 ;86,30 ;81,20 ;89,60 ;97,30 ;451,63 ;1,11 ;1,32
07/2018;92,50 ;90,20 ;97,60 ;77,40 ;79,40 ;96,30 ;99,50 ;437,42 ;0,63 ;0,73
08/2018;96,20 ;95,50 ;102,00 ;83,60 ;85,60 ;108,00 ;104,10 ;432,81 ;0,12 ;0,23
09/2018;92,10 ;86,20 ;96,80 ;76,00 ;82,50 ;97,00 ;98,60 ;432,83 ;0,61 ;0,47
10/2018;93,30 ;85,30 ;97,30 ;78,90 ;82,50 ;105,00 ;98,80 ;446,02 ;0,41 ;0,31
11/2018;104,00 ;81,10 ;104,10 ;92,50 ;106,90 ;91,90 ;106,50 ;471,37 ;-0,30 ;-0,43
12/2018;125,20 ;85,40 ;123,60 ;171,10 ;103,50 ;90,50 ;127,70 ;471,44 ;0,03 ;0,01
01/2019;94,60 ;78,40 ;102,10 ;64,30 ;87,60 ;98,80 ;104,80 ;467,65 ;0,37 ;0,55
02/2019;86,70 ;76,10 ;95,30 ;62,70 ;74,70 ;91,00 ;97,50 ;482,40 ;0,44 ;0,53
03/2019;89,10 ;80,00 ;92,10 ;69,30 ;82,70 ;103,10 ;93,60 ;509,11 ;0,78 ;0,70
04/2019;91,80 ;91,70 ;98,20 ;66,80 ;79,10 ;107,20 ;100,70 ;522,05 ;0,49 ;0,42
05/2019;95,40 ;98,10 ;96,80 ;84,30 ;89,30 ;114,50 ;99,00 ;507,07 ;0,13 ;0,22
06/2019;93,20 ;96,20 ;95,20 ;87,80 ;81,10 ;105,90 ;97,00 ;501,68 ;-0,04 ;-0,08
07/2019;95,10 ;97,20 ;97,20 ;83,10 ;88,60 ;118,30 ;99,10 ;493,16 ;0,28 ;0,16
08/2019;99,00 ;98,40 ;105,20 ;77,10 ;86,20 ;107,60 ;107,80 ;481,44 ;0,33 ;0,38
09/2019;94,30 ;96,20 ;96,40 ;71,90 ;92,10 ;106,60 ;98,20 ;473,85 ;-0,06 ;-0,07
10/2019;98,90 ;100,40 ;101,60 ;79,60 ;94,10 ;116,30 ;103,20 ;473,59 ;0,14 ;0,12
11/2019;107,40 ;93,50 ;104,90 ;92,00 ;117,70 ;96,20 ;107,30 ;465,81 ;0,70 ;0,83
12/2019;128,50 ;86,20 ;119,00 ;165,80 ;133,10 ;102,50 ;122,80 ;506,50 ;0,93 ;1,02
01/2020;96,10 ;79,80 ;96,20 ;66,60 ;107,30 ;109,70 ;98,60 ;517,51 ;0,33 ;0,25
02/2020;91,40 ;75,00 ;96,60 ;62,00 ;94,00 ;92,30 ;99,00 ;519,76 ;0,23 ;0,04
03/2020;94,60 ;75,00 ;110,60 ;38,40 ;81,20 ;73,80 ;114,50 ;518,50 ;0,09 ;0,20
04/2020;77,10 ;64,10 ;100,00 ;12,80 ;46,90 ;30,50 ;104,60 ;556,25 ;-0,37 ;-0,32
05/2020;-;-;-;-;-;-;-;556,36 ;-0,28 ;-0,14
Fonte;IBGE;IBGE;IBGE;IBGE;IBGE;IBGE;IBGE;Dieese;IBGE;IBGE
