Data;14020;14047;14074;15879;15911;15943
01/2011;65620;138869;204489;5.44 ;1.02 ;2.17
02/2011;66399;142306;208705;4.68 ;0.98 ;1.93
03/2011;66289;142002;208291;4.84 ;0.97 ;1.98
04/2011;67172;142366;209539;5.01 ;1.01 ;2.05
05/2011;68329;143454;211783;5.08 ;1.06 ;2.12
06/2011;69769;145193;214962;5.02 ;1.02 ;2.09
07/2011;71000;148009;219009;5.13 ;1.04 ;2.13
08/2011;71740;153414;225154;5.17 ;1.01 ;2.11
09/2011;73467;158015;231482;5.18 ;1.03 ;2.11
10/2011;75017;157737;232753;5.33 ;1.05 ;2.19
11/2011;76226;163876;240102;6.19 ;0.98 ;2.35
12/2011;77665;168786;246451;6.19 ;0.97 ;2.32
01/2012;80690;155056;235746;5.56 ;1.08 ;2.47
02/2012;81205;155176;236381;6.09 ;1.06 ;2.66
03/2012;81925;158424;240349;5.90 ;0.99 ;2.55
04/2012;82917;160129;243046;5.98 ;1.06 ;2.74
05/2012;84234;164102;248336;6.17 ;1.06 ;2.79
06/2012;85156;167021;252177;6.13 ;1.07 ;2.78
07/2012;86071;172215;258286;6.20 ;1.11 ;2.81
08/2012;87402;174875;262277;6.17 ;1.12 ;2.81
09/2012;87565;177726;265292;6.02 ;1.09 ;2.72
10/2012;89047;182660;271707;5.96 ;1.06 ;2.67
11/2012;89904;186286;276190;5.87 ;1.04 ;2.61
12/2012;91814;192446;284260;5.80 ;1.03 ;2.57
01/2013;92438;191730;284168;5.71 ;1.01 ;2.54
02/2013;92458;192882;285340;5.69 ;1.01 ;2.52
03/2013;93441;195254;288695;5.72 ;1.07 ;2.58
04/2013;94761;200849;295610;5.66 ;1.03 ;2.51
05/2013;96204;202564;298768;5.62 ;0.99 ;2.48
06/2013;96892;209281;306173;5.40 ;0.91 ;2.33
07/2013;98082;210464;308546;5.32 ;0.95 ;2.34
08/2013;99428;213883;313312;5.18 ;0.88 ;2.25
09/2013;100069;208191;308259;5.16 ;0.95 ;2.32
10/2013;100909;207660;308569;5.06 ;0.91 ;2.27
11/2013;101960;212645;314605;4.96 ;0.96 ;2.26
12/2013;103856;223342;327198;4.86 ;0.84 ;2.11
01/2014;104611;226460;331072;4.84 ;0.84 ;2.10
02/2014;105022;226921;331943;4.82 ;1.12 ;2.29
03/2014;105452;239505;344957;4.84 ;1.10 ;2.25
04/2014;106718;241935;348653;4.95 ;1.06 ;2.25
05/2014;107911;241989;349900;5.10 ;1.13 ;2.35
06/2014;108722;244904;353626;5.06 ;1.13 ;2.34
07/2014;109137;246013;355150;5.05 ;1.14 ;2.34
08/2014;110182;250779;360961;5.09 ;1.12 ;2.33
09/2014;110769;258030;368800;4.82 ;1.07 ;2.20
10/2014;112523;262455;374978;4.77 ;1.07 ;2.18
11/2014;113652;267518;381170;4.67 ;1.05 ;2.13
12/2014;115854;273500;389355;4.46 ;1.03 ;2.05
01/2015;116264;278134;394398;4.57 ;1.01 ;2.06
02/2015;115991;282782;398773;4.61 ;1.16 ;2.17
03/2015;116648;289191;405839;4.46 ;1.42 ;2.29
04/2015;117084;289795;406879;4.53 ;1.53 ;2.39
05/2015;117602;293802;411404;4.66 ;1.57 ;2.45
06/2015;118083;296409;414492;4.53 ;1.49 ;2.35
07/2015;118199;304269;422468;4.67 ;1.42 ;2.33
08/2015;118576;312315;430891;4.79 ;1.59 ;2.47
09/2015;118527;323417;441944;4.92 ;1.11 ;2.13
10/2015;118827;321190;440017;5.08 ;0.93 ;2.05
11/2015;119706;323327;443033;5.25 ;1.04 ;2.18
12/2015;120406;330247;450652;5.29 ;0.92 ;2.09
01/2016;119692;330665;450357;5.32 ;0.98 ;2.14
02/2016;119255;329549;448804;5.42 ;1.12 ;2.26
03/2016;119107;321589;440696;5.37 ;1.30 ;2.40
04/2016;118665;319644;438309;5.51 ;1.52 ;2.60
05/2016;119179;320654;439833;5.64 ;1.63 ;2.72
06/2016;119287;311965;431252;5.36 ;1.63 ;2.66
07/2016;118832;310644;429476;5.10 ;1.47 ;2.47
08/2016;119372;308998;428370;5.19 ;2.04 ;2.92
09/2016;119123;305881;425003;5.20 ;2.08 ;2.95
10/2016;118717;300439;419155;5.14 ;3.03 ;3.63
11/2016;119302;295206;414508;5.20 ;2.45 ;3.24
12/2016;119903;280466;400369;5.15 ;2.57 ;3.34
01/2017;119367;275400;394767;5.16 ;2.43 ;3.25
02/2017;119367;273777;393144;5.13 ;2.58 ;3.35
03/2017;119542;273931;393473;5.16 ;4.16 ;4.46
04/2017;119113;271793;390906;5.25 ;4.27 ;4.57
05/2017;120158;267879;388037;5.33 ;4.48 ;4.74
06/2017;120319;266245;386565;4.98 ;3.88 ;4.22
07/2017;120769;260299;381068;5.06 ;2.92 ;3.60
08/2017;121206;256492;377698;5.01 ;2.95 ;3.61
09/2017;121031;257132;378164;4.97 ;2.70 ;3.43
10/2017;121891;257119;379010;4.94 ;2.67 ;3.40
11/2017;122788;256798;379586;4.85 ;2.62 ;3.34
12/2017;123042;247926;370969;4.56 ;2.54 ;3.21
01/2018;123264;245286;368549;4.70 ;2.99 ;3.56
02/2018;122454;243740;366194;4.61 ;3.01 ;3.55
03/2018;123218;244032;367250;4.48 ;2.67 ;3.27
04/2018;124080;242503;366583;4.53 ;3.76 ;4.02
05/2018;124910;244039;368949;4.45 ;3.70 ;3.96
06/2018;125364;244012;369377;4.33 ;2.63 ;3.21
07/2018;126378;242453;368831;4.30 ;1.70 ;2.59
08/2018;127591;244754;372345;4.21 ;1.47 ;2.41
09/2018;127679;243890;371570;4.20 ;1.32 ;2.31
10/2018;129249;237108;366357;4.17 ;1.42 ;2.39
11/2018;131475;237826;369301;4.11 ;1.55 ;2.46
12/2018;132797;244007;376805;4.04 ;1.46 ;2.37
01/2019;133636;241945;375580;4.16 ;1.64 ;2.54
02/2019;133468;238839;372307;4.08 ;1.24 ;2.26
03/2019;134463;234677;369141;4.15 ;1.22 ;2.29
04/2019;135932;231497;367428;4.15 ;1.09 ;2.22
05/2019;137691;227259;364950;4.22 ;1.10 ;2.28
06/2019;138782;213461;352243;4.15 ;1.02 ;2.26
07/2019;140745;209583;350328;4.20 ;1.13 ;2.36
08/2019;142216;213790;356006;4.23 ;1.05 ;2.32
09/2019;143425;214984;358409;4.30 ;1.08 ;2.37
10/2019;145106;213645;358750;4.30 ;1.10 ;2.39
11/2019;146862;216349;363211;4.34 ;1.09 ;2.40
12/2019;148924;216755;365679;4.34 ;1.11 ;2.43
01/2020;149837;215463;365300;4.48 ;1.06 ;2.46
02/2020;149759;217853;367613;4.57 ;1.08 ;2.50
03/2020;149341;234209;383550;5.02 ;1.22 ;2.70
04/2020;146744;239579;386324;5.20 ;1.54 ;2.93
05/2020;146434;239403;385838;5.05 ;1.63 ;2.93
